가맹점명,주소,위도,경도
가락2호,서울 송파구 가락동 75-7,37.4970092,127.1200284
가람마을,경기 파주시 와동동 1557-1,37.7344573,126.7553332
가산디지털,서울 금천구 가산동 371-6 가산비지니스센터 2층,37.4801997,126.8810684
가야,부산 부산진구 가야동 478,35.147715,129.0307121
가양,서울 강서구 등촌동 75-1,37.5612622,126.8539775
가오천동,대전 동구 가오동 235-12,36.3058191,127.4527061
가장내동,대전 서구 가장동 50-45,36.332538,127.3874929
가정루원시티,인천 서구 가정동 614-14,37.5279304,126.671041
가좌,인천 서구 가좌동 30-78,37.4940776,126.6842961
가평,경기 가평군 가평읍 대곡리 168-5,37.8249242,127.5151701
가호,경남 진주시 호탄동 611-3,35.1634914,128.1156362
가흥,경북 영주시 가흥동 1881,36.812478,128.6061076
간석1호,인천 남동구 구월동 70-80,37.458029,126.7146509
갈곶고현,경기 평택시 갈곶리 239-48,37.1275894,127.0690017
갈마1호,대전 서구 갈마동 394-29,36.3456332,127.3696989
갈매,"경기 구리시 갈매동 608-1 101호, 102호",37.6312921,127.1161635
갈산삼산지구,인천 부평구 갈산동 55-8,37.5174489,126.7312102
감계,경남 창원시 의창구 북면 감계리 246-4,35.3008574,128.5932045
감만,부산 남구 감만1동 158-6,35.1154118,129.0812322
감삼성당,대구 달서구 감삼동 317-3,35.8437196,128.5400098
강남대,경기 용인시 기흥구 구갈동 594 강남피아,37.2712465,127.1281652
강남역,서울 서초구 서초동 1309-6,37.5017576,127.0242596
강동산하,울산 북구 산하동 89,35.6355229,129.4378354
강서,충북 청주시 흥덕구 가경동 1849,36.6204056,127.4270973
강서구청,서울 강서구 화곡동 986-16,37.5495834,126.8472997
강선,경기 고양시 일산동구 정발산동 687-5,37.668722,126.7742496
강일,서울 강동구 강일동 679-3 리슈빌오피스텔,37.5643942,127.1737473
강제,충북 제천시 강제동 832,37.1224517,128.2005692
강진,전남 강진군 강진읍 남성리 5-4,34.638495,126.769226
강화,인천 강화군 강화읍 갑곳리 199-1,37.7430081,126.4918843
개금1호,부산 부산진구 개금동 2-1,35.1616256,129.0258969
개금2호,부산 부산진구 개금동 523-17,35.1513454,129.02001
개봉1호,서울 구로구 개봉동 403-159,37.4884225,126.8564731
개운,강원 원주시 개운동 395-23,37.3412086,127.9592592
개포1호,서울 강남구 개포동 1229-18,37.4762624,127.0469152
개포2호,서울 강남구 개포동 158-4,37.4827618,127.0619767
갱고개,충북 충주시 교현동 173-11,36.9746862,127.9400149
거모,경기 시흥시 거모동 1757-1,37.3447605,126.7853295
거북섬,경기 시흥시 정왕동 2720-6,37.3225229,126.6831532
거여가락1호,서울 송파구 가락동 180-9,37.4925188,127.1355801
거제법조,부산 연제구 거제동 891-14,35.1931638,129.0665728
거창1호,경남 거창군 거창읍 대동리 697-5,35.6910606,127.9149314
건대,서울 광진구 화양동 9-18,37.5417034,127.0693988
건입,제주 제주시 일도2동 160-9,33.5115164,126.538785
검암,인천 서구 검암동 626-2번지 태건프라자 105호,37.5620797,126.6735155
경북도청,경북 예천군 호명면 산합리 1408,36.5763198,128.4890739
경산,경북 경산시 옥산동 758-10(1층),35.824813,128.7280795
경산오거리,경북 경산시 중방동 880-1,35.8235938,128.7377329
경포,강원 강릉시 안현동 861-8,37.8034555,128.9027003
경희대,서울 동대문구 회기동 42-16,37.5929218,127.0514864
계룡대,충남 계룡시 엄사면 엄사리 253-1,36.2886975,127.2380008
계림,광주 동구 대인동 319-6,35.1562222,126.9140074
계명,대구시 남구 양지로 107,35.8517103,128.5795069
계산1호,인천 계양구 계산동 1081-10,37.5359698,126.7368935
계산2호,인천 계양구 계산동 61-2,37.5381484,126.7308262
계산3호,인천 계양구 계산동 942-30,37.5407958,126.7217158
계양사동,경북 경산시 사동 48,35.8135182,128.7578278
고덕1호(서울),서울 강동구 고덕동 650-1,37.5598121,127.1516836
고덕1호(평택),경기 평택시 고덕면 여염리 4434-2,37.0427336,127.0526829
고등,경기 성남시 수정구 고등동 595-11,37.4278106,127.0948606
고령,경북 고령군 대가야읍 지산리 3-11,35.7271587,128.265511
고성(강원),강원 고성군 간성읍 하리 18-1,38.3795741,128.4677103
고성(경남),경남 고성군 고성읍 송학리 244-88,34.9776704,128.3267292
고양동,경기 고양시 덕양구 고양동 176-8 104호,37.7070618,126.9030386
고운,세종 고운동 1718,36.5055622,127.2337192
고읍1호,경기 양주시 광사동 657,37.7939693,127.0794915
고잔1호,경기 안산시 단원구 고잔동 756-1,37.3133117,126.8390525
고잔2호,경기 안산시 단원구 와동 720-13,37.3328326,126.8270266
고창,전북 고창군 고창읍 교촌리 483,35.4360554,126.710779
고척1호,서울 구로구 개봉1동 126-4,37.5024397,126.8483742
고촌,김포시 고촌읍 신곡리 1064(스카이스퀘어 3),37.6035585,126.7680884
고현상동,경남 거제시 고현동 406-18,34.8798298,128.6277114
고흥,전남 고흥군 고흥읍 남계리 439-3,34.6111488,127.2878787
곡반정,경기 수원시 권선구 곡반정동 584-4,37.2355158,127.0262507
곤지암,경기 광주시 곤지암읍 곤지암리 443-9,37.3500882,127.3401603
공도1호,경기 안성시 공도읍 만정리 417-98,36.9989431,127.1687495
공릉1호,서울 노원구 공릉동 338-6,37.6229737,127.0791682
공릉2호,서울 노원구 공릉동 461-1,37.6302391,127.0757695
공릉3호,서울 노원구 공릉동 568-27,37.6230953,127.0734786
공업탑,울산 남구 신정동 1218-7,35.5331562,129.3074739
공항신도시,인천 중구 운서동 2801-3,37.4944794,126.4912535
과천1호,경기 과천시 원문동 4 레미안 슈르 A상가(4번지)동 제1층 1023호,37.4206753,126.9923004
과천역,경기 과천시 부림동 49,37.4320041,127.0000714
관교,인천 남구 관교동 321-5,37.4469962,126.6926168
관양,경기 안양시 동안구 관양동 1724-1,37.4057972,126.9720399
관음,대구 북구 관음동 1383-9,35.9395193,128.5495092
관저1호,대전 유성구 원내동 829 외 1필지,36.3019581,127.3307063
관저느리울,대전 서구 관저동 1354,36.2979665,127.3401893
관평,대전 유성구 관평동 1056,36.4236706,127.3920731
광교1호,경기 수원시 영통구 이의동 1332 CB 4~5호,37.2906758,127.0504754
광명1호,경기 광명시 광명동 158-1015,37.4801785,126.8525664
광명역,"경기 광명시 일직동 511-5번지 대호M스퀘어 102호, 103호",37.4201841,126.8837237
광안1호,수영구 광안동 120-13,35.1613726,129.1170074
광안2호,부산 수영구 광안동 168-3,35.1537034,129.1123836
광양읍1호,전남 광양시 광양읍 칠성리 947-3,34.9725758,127.5813735
광양읍2호,전남 광양시 광양읍 용강리 857-5번지,34.9760817,127.606668
광장,서울 광진구 광장동 530-13,37.5419658,127.0957299
광주1호,경기 광주시 경안동 154-1,37.4120953,127.2514656
광혜원,충북 진천군 광혜원면 광혜원리 503-7,36.9903056,127.4414161
괘법,부산 사상구 괘법동 516-1,35.1677739,128.9805404
괴안,경기 부천시 소사구 괴안동 39-2,37.4809694,126.8051083
괴정1호,부산 사하구 괴정동 487-24,35.0963743,128.9927189
교동(속초),강원 속초시 교동 974-2,38.1946199,128.57495
교동(울산),울산 울주군 삼남면 교동리 1578-1,35.5610231,129.1164677
교동1호(강릉),강원 강릉시 교1동 1863-3,37.7649966,128.8782998
교촌Togo화진,경북 포항시 북구 송라면 지경리 337-10,36.2531468,129.372062
교하신도시,경기 파주시 다율동 1001-6,37.7267292,126.7168164
구갈2지구,경기 용인시 기흥구 구갈동 353-3,37.2805906,127.1132467
구래,경기 김포시 구래동 6883-1,37.6452662,126.6263133
구례,전남 구례군 구례읍 봉남리 11-9,35.2060463,127.4677274
구로2호,서울 구로구 구로동 74-30,37.4961277,126.8930518
구로디지털,서울 구로구 구로동 826-1,37.4825867,126.8980183
구룡포,경북 포항시 남구 구룡포읍 구룡포리 742-1,35.9919663,129.5502361
구산,경남 김해시 구산동 275-8,35.2483613,128.872974
구산역,서울 은평구 갈현동 464-14,37.612891,126.9172575
구서1호,부산 금정구 구서2동 1024-1,35.2580214,129.0862448
구서역,부산 금정구 구서동 457-23,35.2449989,129.0887424
구성1호,경기 용인시 기흥구 마북동 370-9,37.2951412,127.1119064
구암,대구 북구 태전동 1074-6,35.9253016,128.5485309
구암조촌,전북 군산시 조촌동 2-21,35.9766005,126.7405603
구영,울산 울주군 범서읍 구영리 801-6,35.5712213,129.2425549
구월,인천 남동구 구월동 1133-13,37.4537025,126.7040931
구월아시아드,인천 남동구 구월동 1517-2,37.4431663,126.7166447
구의역,서울 광진구 구의동 257-70,37.538973,127.08513
구일산,경기 고양시 일산서구 일산동 967-6,37.6873501,126.7648789
구지,대구 달성군 구지면 응암리 1204-2,35.6567024,128.4188803
구포1호,부산 북구 구포3동 1228-1,35.1983574,129.0084263
구포2호,부산 북구 구포동 932-35,35.2000481,128.997055
국동,전남 여수시 신월동 96-1,34.7246464,127.7096182
국제신도시,부산 강서구 명지동 3412-6,35.0977301,128.919625
군산대,전북 군산시 미룡동 867-2,35.9474076,126.6864366
권곡,충남 아산시 권곡동 549-26,36.7848834,127.0108445
권선1호,경기 수원시 권선구 권선동 1260-5,37.2526934,127.0284987
궐동,경기 오산시 궐동 650-1,37.1582516,127.0612471
금곡(부산),부산 북구 금곡동 57-6,35.264069,129.020054
금곡(안동),경북 안동시 당북동 311-8,36.5643213,128.7204723
금곡1호,경기 수원시 권선구 금곡동 1088-1,37.2734592,126.9429639
금광1호,경기 성남시 중원구 금광동 2706,37.4513367,127.1686109
금당1호,전남 순천시 조례동 1612번지 1-4호,34.9531717,127.5301435
금산(진주),경남 진주시 중천리 192-3,35.213337,128.1482269
금산(충남),충남 금산군 금산읍 상리 47-10,36.107987,127.4898771
금오,경기 의정부시 금오동 473-4,37.7513232,127.0695999
금정역,경기 군포시 산본동 236-2,37.3698453,126.9394434
금천광장,충북 청주시 상당구 용담동 395,36.6318428,127.5060534
금촌1호,경기 파주시 금촌동 51-8,37.764091,126.7759011
금촌로데오,경기 파주시 금촌동 986-2,37.7522161,126.766297
금호,광주 서구 쌍촌동 881번지,35.1445211,126.8575195
금호역,서울 성동구 금호동4가 1380,37.548183,127.0187204
금호지구,대구 북구 사수동 912,35.8971015,128.5161892
기장,부산 기장군 기장읍 동부리 134-2,35.2475898,129.2143168
기지시,충남 당진시 반촌리 861-20,36.9015843,126.6981181
길1호,서울 강동구 길동 347-31,37.5411184,127.1425851
길동역,서울 강동구 길동 388-3,37.5373928,127.1385434
길음뉴타운,서울 성북구 길음동 1284-17,37.6065752,127.0209028
김제,전북 김제시 신풍동 594-4번지,35.8020812,126.8990015
김천,경북 김천시 신음동 1301-4,36.1329097,128.1213771
김천부곡,경북 김천시 부곡동 426-1,36.1246334,128.1049936
김천혁신,경북 김천시 율곡동 364,36.1214199,128.1821472
까치산역,서울 강서구 화곡동 343-62 라인씨티 1층,37.530776,126.8467602
나운1호,전북 군산시 나운동 834-7,35.9657041,126.6992036
나주,전남 나주시 대호동 1040-7,35.040448,126.7178682
남구로,서울 구로구 구로동 704-38,37.491701,126.8822833
남목서부,울산 동구 서부동 113-33,35.5235004,129.4318207
남문,경남 창원시 진해구 남문동 1246-4 (골든프라자),35.1064496,128.7535284
남부(순천),전남 순천시 풍덕동 1265-5,34.9441874,127.4943453
남부(포항),경북 포항시 남구 대도동 124-13,36.0146305,129.3652122
남부민,부산 서구 충무동2가 3-1,35.0954711,129.0225609
남사,경기 용인시 처인구 남사면 아곡리 702,37.1525574,127.1720847
남산1호,부산 금정구 남산동 99-6,35.267978,129.0892908
남악,"전남 무안군 삼향읍 남악리 1577 골든스위트 119, 120호",34.8103989,126.466402
남양(창원),경남 창원시 성산구 가음동 7-2 더원빌딩 104호,35.2096254,128.6889691
남양1호(화성),경기 화성시 남양읍 남양리 2073-6,37.2021066,126.8262835
남원,전북 남원시 도통동 387-12,35.4131958,127.391546
남지,경남 창녕군 남지읍 남지리 994-7,35.3918055,128.4807152
남창,울산 울주군 온양읍 대안리 179-10,35.4093204,129.2900568
남평,전남 나주시 남평읍 동사리 359-3,35.0408407,126.851825
남포부평,부산 중구 중앙동1가 23-6,35.1004597,129.0356328
남해,경남 남해군 남해읍 서변리 160-11,34.836,127.8946437
낭월,대전 동구 낭월동 370,36.2823405,127.4667577
내곡,강원 강릉시 내곡동 428-1,37.7444887,128.8840536
내당,대구 서구 내당동 219-7,35.8595295,128.5611541
내동,경남 김해시 내동 138-1,35.2440638,128.8632555
내서삼계,경남 창원시 마산회원구 삼계리 35-14,35.2310856,128.5016567
내손갈뫼,경기 의왕시 내손1동 755-4 명성프라자,37.3790869,126.9744081
내일동,경남 밀양시 내이동 1566-6,35.4994084,128.746652
내포1호,충남 홍성군 홍북면 신경리 1181번지 승우빌딩 107호,36.6481097,126.6746963
노대효천,광주 남구 노대동 819,35.1023582,126.9014187
노량진,서울 동작구 노량진동 37-1,37.5123832,126.9385754
노암,강원 강릉시 노암동 708-1,37.7479985,128.897117
노은1지구,대전 유성구 노은동 553-9 스타돔 120호,36.3658129,127.3172766
노은2지구,대전 유성구 지족동 985-2,36.387024,127.3161117
노형,제주 제주시 노형동 1055-1,33.4886429,126.4759347
녹번,서울 은평구 녹번동 82-47,37.6034902,126.9257936
녹양,경기 의정부시 가능동 92-51,37.7585153,127.04079
논공,대구 달성군 논공읍 북리 803-148,35.7298484,128.4453948
논현1호(서울),서울 강남구 논현동 164-16,37.5083552,127.0234459
논현1호(인천),인천 남동구 논현동 620-8,37.4020201,126.7215098
논현에코메트로,인천 남동구 논현동 752-1,37.3984836,126.7341642
농성1호,광주 서구 화정동 178-128,35.1549836,126.8808712
늘품,강원 원주시 반곡동 1767-54,37.3331561,127.9630827
능곡,경기 시흥시 능곡동 545,37.3703247,126.8104758
능평,경기 처인구 모현읍 능원리 16-11,37.3432726,127.1774407
다대1호,부산 사하구 다대2동 85-5,35.0665571,128.9803139
다대2호,부산 사하구 다대동 1014,35.0586485,128.965941
다사,대구 달성군 다사읍 죽곡리 809-1,35.8568475,128.4645436
다산,경북 고령군 다산면 상곡리 162-21,35.8240527,128.4502179
다산신도시1호,경기 남양주시 다산동 산3006-2,37.6214301,127.161265
다운,울산 중구 다운동 536-1,35.5582784,129.2727467
다정,세종특별자치시 다정동 363-10,36.4921075,127.2553108
단계,강원 원주시 단계동 838-4,37.3479836,127.9300585
단구,강원 원주시 단구동 1631-2,37.3229204,127.9571497
단양,충북 단양군 단양읍 도전리 523,36.9810811,128.3702984
달동,울산 남구 달동 135-2,35.5349441,129.3242857
달성비산,대구 서구 비산동 440-5,35.874677,128.5709029
담양,전남 담양군 담양읍 백동리 247-7,35.3129895,126.9829679
답십리1호,서울 동대문구 답십리동 53-50,37.5722845,127.0571367
당감,부산 부산진구 당감동 367-2,35.1647939,129.0346715
당동1호,경기 군포시 당동 904-5 그린프라자 102호,37.3479296,126.9439443
당리괴정2호,부산 사하구 괴정동 577-42,35.1000088,128.983357
당산,서울 영등포구 영등포동8가 35-1,37.5267541,126.9050464
당하,인천 서구 마전동 585,37.5952241,126.6721762
대곡,대구 달서구 도원동 1442-2 1층 107호,35.8060523,128.5351847
대곡2지구,대구 달서구 대곡동 1068,35.8035196,128.5291248
대관령,강원 평창군 횡계리 354-8,37.666788,128.7101371
대교남항,부산 영도구 남항동1가 82,35.0902118,129.0383684
대구혁신,대구 동구 각산동 1098-5 102호,35.8777083,128.7222594
대림2호,서울 영등포구 대림동 783-1,37.5025428,126.8962519
대명1호,대구 남구 대명동 1098-4,35.8389485,128.5641831
대방,경남 창원시 성산구 성주동 100,35.2038448,128.7116559
대사부사,대전 중구 대사동 69-53,36.3183872,127.429754
대소,충북 음성군 대소면 태생리 539-170,36.9649612,127.4907399
대신,부산 서구 서대신동1가 163-1,35.1094136,129.0147641
대연1호,부산 남구 대연동 1013-8,35.130007,129.0899871
대연2호,부산 남구 대연동 52-7,35.1366681,129.1020801
대연3호,부산 남구 대연동 1161-9,35.1254625,129.0889411
대정,제주 서귀포시 대정읍 하모리 1048-4,33.2208699,126.2507035
대조,서울특별시 은평구 대조동 231,37.6090415,126.9217359
대청,경남 김해시 대청동 61-1,35.1938611,128.7974085
대치1호,서울 강남구 대치동936,37.4975329,127.0526933
대치2호,서울 강남구 대치동 989-4,37.4986653,127.0618028
대학로,서울 종로구 명륜동4가 113-1,37.5820867,127.0004837
대해중앙,경북 포항시 남구 대도동 97-4,36.0208151,129.3633489
대화,경기 고양시 일산서구 대화동 2126-2 (동남빌딩 101호),37.6785394,126.7551091
대흥,대전 중구 대흥동 204-3,36.3277129,127.4245286
덕계,경남 양산시 덕계동 750,35.3730204,129.1495183
덕계(양주),경기 양주시 덕계동 698-5,37.816688,127.0458655
덕산,충북 진천군 덕산읍 용몽리 85,36.9083673,127.5181626
덕성여대,서울 강북구 우이동 72-133,37.6502187,127.013123
덕소1호,경기 남양주시 와부읍 덕소리 141-91,37.5879445,127.2169152
덕신,울산 울주군 덕신리 1294-2,35.4349243,129.3106961
덕정1호,경기 양주시 덕정동 240-27,37.8346933,127.065643
덕천2호,부산 북구 덕천3동 781-2,35.2107756,129.0191851
덕천역,부산 북구 덕천동 402-12,35.2096088,129.0075494
덕충,전남 여수시 덕충동 2041,34.7531688,127.7433022
덕포,부산 사상구 덕포동 767-10,35.1757319,128.9886875
덕풍1호,경기 하남시 덕풍동 309-64,37.543483,127.2026968
덕하,울산 울주군 상남리 818-17,35.4845474,129.3039955
도계명서,경남 창원시 의창구 도계동 396-9,35.2577711,128.6392783
도곡,서울 강남구 도곡동 416-4,37.4853391,127.0441262
도구청림,경북 포항시 남구 동해면 도구리 694-3,35.9880822,129.4423367
도남지구,대구 북구 국우동 592-1,35.9506142,128.5799839
도농1호,경기 남양주시 다산동 608,37.6043327,127.1596053
도담,세종 도담동 245-1,36.5152267,127.2575548
도두해안도로,제주 제주시 도두1동 2625-4,33.5037387,126.4661916
도량,경북 구미시 도량동 262-1,36.1385665,128.324172
도마1호,대전 서구 도마동 114-19,36.3163594,127.3715032
도봉동,서울 도봉구 도봉2동 623-163,37.6717085,127.0463179
도안1지구,대전 유성구 상대동 469-9,36.3474834,127.3391568
도안2지구,대전 서구 가수원동 1036,36.3063271,127.3519035
도화(서울),서울 마포구 도화동 55,37.5382978,126.9464281
도화(인천),인천 미추홀구 도화동 1005-3 스카이프라자2,37.4726337,126.6615569
독립문,서울 서대문구 냉천동 226,37.5676348,126.9645062
독산1호,서울 금천구 독산동 961-10,37.4774057,126.9039497
독산2동,서울 금천구 독산동 1059-4,37.461274,126.898471
돌산,전남 여수시 돌산읍 우두리 1095-9,34.7194477,127.7523741
동구청,대구 동구 신암동 345-3,35.8846681,128.632844
동금,경남 사천시 동금동 58-4,34.932872,128.0813914
동남지구,충북 청주시 상당구 용암동 3034,36.61691,127.515798
동대,충남 보령시 동대동 1766,36.3469285,126.6040007
동덕여대,서울 성북구 하월곡동 17-1,37.6037134,127.0430094
동명,강원 속초시 동명동 1-18,38.2125814,128.5998369
동문,충남 서산시 동문동 406-2,36.7847335,126.459634
동백1호,경기 용인시 기흥구 동백동 614-5,37.2835528,127.1534923
동부이촌,서울 용산구 이촌1동 301-153 오성상가 103,37.5207704,126.974591
동삭1호,경기 평택시 동삭동 704-4,37.0070973,127.0961164
동산,전북 익산시 마동 344-5,35.9340399,126.961957
동산조촌,전북 전주시 덕진구 반월동 230-6,35.875566,127.0763514
동삼,부산 영도구 동삼동 219-146,35.0828152,129.0711201
동서대,부산 사상구 주례동 55-176,35.149793,129.0136967
동서변,대구 북구 동변동 669-4,35.9210259,128.6031144
동소문,서울 성북구 동선동5가 147-13,37.5970487,127.015257
동양미래대학,서울 구로구 고척동 343,37.5029264,126.86314
동읍,경남 창원시 의창구 동읍 용잠리 371-2,35.2772949,128.6852307
동천(경주),경북 경주시 동천동 987-44,35.8583137,129.2244534
동천(광주),광주 서구 동천동 598,35.1714941,126.8667045
동천1호,경기 용인시 수지구 동천동 941-7,37.3372788,127.0915407
동천3지구,대구 북구 동천동 906-3,35.9428328,128.5595671
동촌,대구 동구 검사동 1111,35.886426,128.6519602
동춘,인천 연수구 동춘동 934-1,37.407462,126.6719071
동탄1능동,경기 화성시 반송동 70-4,37.2017758,127.0604547
동탄1호,경기 화성시 반송동 42-6,37.2075227,127.0650354
동탄2 영천,경기 화성시 영천동 701-1,37.2059287,127.1124876
동탄2목동,경기 화성시 목동 454-5,37.1816365,127.1260257
동탄2산척,경기 화성시 산척동 산16,37.173931,127.1137762
동탄2청계,경기 화성시 청계동 536,37.1991807,127.114277
동탄2호,경기 화성시 반송동 217-6,37.1931568,127.0733803
동탄2호수공원,경기도 화성시 송동 709-1,37.165596,127.0940031
동탄테크노밸리,경기 화성시 영천동 797-1,37.2078696,127.0932925
동판교,경기 성남시 분당구 삼평동 664,37.3974933,127.1107738
동호,대구 동구 동호동 384-7,35.8655357,128.7241076
두류,대구 달서구 두류동 620-12,35.8520637,128.5548607
두암1호,광주 북구 두암2동 826-50,35.174902,126.9332276
두정,충남 천안시 서북구 성정2동 1211,36.8284953,127.1350981
둔덕,전남 여수시 둔덕동 434-7,34.7685958,127.694076
둔산1호,대전 서구 둔산2동 1093,36.3521972,127.3743752
둔산2호,대전 서구 둔산동 1851,36.3510458,127.4002938
둔전,경기 용인시 처인구 포곡읍 둔전리 400-2,37.2682348,127.2144995
둔촌1호,서울 강동구 둔촌동 454-5,37.531212,127.1420296
등촌,서울 강서구 등촌동 649-14,37.5522155,126.8633122
마곡역,서울 강서구 마곡동 774-1,37.5597183,126.8308928
마린시티,부산 해운대구 우동 1434-2,35.157258,129.1482829
마산현동,경남 창원시 마산합포구 현동 374,35.1506092,128.5540031
마석,경기 남양주시 화도읍 마석우리 384-8,37.6595395,127.3046678
마재,"광주 서구 금호동 813 대주파크빌상가 124동 114호, 115호",35.1276101,126.8563361
마천1호,서울 송파구 거여동 32-6,37.4927018,127.1490892
만년,대전 서구 만년동 316,36.3687361,127.3816084
만덕1호,부산 북구 만덕동 294,35.2122895,129.0364851
만덕2호,부산 북구 만덕3동 915-6,35.2116238,129.0285511
만성,전북 전주시 덕진구 만성동 1365-6,35.8445529,127.0744425
만수1호,인천 남동구 만수동 1045 103호,37.4410606,126.7373706
만수2호,인천 남동구 만수동 1118-2,37.46141,126.7330767
만수3호,인천 남동구 간석3동 921-14,37.461134,126.7207851
만촌1호,대구 수성구 만촌동 849-2,35.8575814,128.6480999
만촌2호,대구 수성구 만촌1동 1326-32,35.8718317,128.6366395
망미1호,부산 수영구 망미동 413-11,35.1753163,129.1077353
망우본동,서울 중랑구 망우동 251-2,37.6070849,127.1059496
망원2동,서울 마포구 망원동 482-9,37.5581909,126.9078032
매곡,광주 북구 매곡동 334-5,35.188902,126.8904465
매교,경기 수원시 권선구 세류동 97-5,37.2658427,127.0119896
매탄1호,경기 수원시 영통구 매탄동 1170-4,37.2553963,127.0402585
매탄2호,경기 수원시 영통구 매탄2동 199-69,37.2691709,127.0480327
매탄3호,경기 수원시 영통구 매탄4동 208-21,37.2666247,127.0462209
메트로시티1호,부산 남구 용호동 176-30,35.1282159,129.1123623
면목1호,서울 중랑구 면목본동 72-43,37.5893719,127.0927582
면목2호,서울 중랑구 면목2동 191-126,37.589715,127.0736576
명곡,대구 달성군 화원읍 명곡리 320-1,35.7987913,128.4925878
명륜(원주),강원 원주시 명륜동 539,37.3316505,127.9465367
명일1호,서울 강동구 명일동 328-2,37.5496678,127.146953
명장1호,부산 동래구 명장동 26-24번지 국제아파트 상가 106호,35.2055856,129.0997535
명지대,서울 서대문구 남가좌동 344-7,37.578037,126.921994
명지법원네오,부산 강서구 명지동 3432-1 2동 102호,35.0935624,128.9102604
명지신도시,부산 강서구 명지동 3256-5,35.0858853,128.9097638
모라,부산 사상구 모라동 1349-4,35.1899613,128.9913342
모란역,경기 성남시 중원구 성남동 3249,37.4330963,127.1315811
모현,전북 익산시 모현동1가 857,35.9523188,126.9410589
목3동,서울 양천구 목동 722-8 호성빌딩,37.5390323,126.8639954
목감신도시2호,경기 시흥시 조남동 657-2,37.3777294,126.8524099
목감역,경기 시흥시 목감동 410-2,37.383025,126.8625859
목동1호,서울 양천구 목동 797-3,37.532584,126.8665499
목동2호,서울 양천구 목동 909-8 이화프라자 1층 101호,37.5368967,126.8836175
목동오거리,서울 양천구 목동 940 현대아이파크상가 102,37.5289975,126.8650303
목동파크자이,서울 양천구 신정동 171-68,37.508484,126.8688724
목천,충남 천안시 동남구 목천읍 신계리 134-18,36.7729097,127.2095066
못골,부산 남구 대연동 1543-33,35.1382105,129.0868243
무거1호,울산 남구 무거동 1484-2,35.549635,129.2648945
무동,경남 창원시 의창구 북면 무동리 145-7,35.3175804,128.5845396
무실,강원 원주시 무실동 1664-3,37.3330848,127.9233461
무안읍,전남 무안군 무안읍 성남리 813-45,34.986788,126.473401
무주,전북 무주군 무주읍 읍내리 962,36.0061395,127.6575752
무주구천,전북 무주군 설천면 삼공리 364-4,35.9061211,127.7807907
무지개마을,경기 성남시 분당구 구미동 212-2,37.336086,127.1185714
묵동,서울 중랑구 묵동 175-2,37.6126015,127.0775889
묵호,강원 동해시 부곡동 74-5,37.5366426,129.1027456
문래,서울 영등포구 문래동3가 77-34,37.5193913,126.8895701
문막,강원 원주시 문막읍 건등리 1705-3,37.3134076,127.8200605
문산,경기 파주시 문산읍 방촌로 1729,37.8670845,126.7848485
문성,경북 구미시 고아읍 문성리 1850,36.1603178,128.3488296
문수,전남 여수시 문수동 124-1,34.7531722,127.7025216
문정법조,서울 송파구 문정동 620 송파푸르지오시티 B09호,37.4807743,127.1212572
문현1호,부산 남구 문현동 359-5,35.136402,129.0714043
문현2호,부산 남구 문현1동 127-56,35.1431547,129.071324
문화1호,대전 중구 문화동 466-16,36.3099055,127.4025906
문화중앙,경남 창원시 마산합포구 중앙동2가 5-42번지,35.1926227,128.5646543
문흥1호,광주 북구 문흥동 980-15,35.1887846,126.9259243
물금,경남 양산시 물금읍 범어리 2682-10,35.3301709,129.01154
물금역,경남 물금읍 물금리 800-5,35.3102903,128.9885057
미금,경기 성남시 분당구 구미동 50-2,37.3471248,127.1108263
미사1호,경기 하남시 망월동 1004-1,37.5694438,127.1830564
미사역,경기도 하남시 망월동 1098-3,37.5626002,127.189954
미수봉평,경남 통영시 미수동 22-1번지 운하상가 115호,34.8320799,128.4124209
미아1호,서울 강북구 미아동 561-2 현대성우아파트 상가 104호,37.6172169,127.02211
미아사거리,서울 강북구 미아동 55-5,37.6122811,127.0321184
미아역,서울 강북구 미아동 131-8,37.6215401,127.0283984
미원,전북 군산시 대명동 384-10,35.9784333,126.7208929
미장수송,전북 군산시 수송동 841-5,35.9658242,126.719455
민락(부산),부산 수영구 민락동 165-15,35.1582128,129.120848
민락(의정부),경기 의정부시 민락동 834-3,37.7459831,127.0972726
민락2호,경기 의정부시 민락동 902-1,37.7517122,127.1180831
박달사거리,경기 안양시 만안구 박달동 85-15,37.402421,126.9090557
반구1호,울산 중구 반구동 874-3,35.5604351,129.3487627
반구2호,울산 중구 반구동 99-17,35.562046,129.3373782
반송(부산),부산 해운대구 반송2동 216-150,35.2296953,129.1548913
반송(창원),경남 창원시 성산구 반지동 74-3,35.2395489,128.661593
반여1호,부산 해운대구 반여동 1628-5,35.2011167,129.1236771
반월,경기 안산시 상록구 건건동 650-1,37.3044684,126.9022228
반포1호,서울 서초구 반포동 1053 H동 26호,37.5009345,126.9866667
반포삼호가든,서울 서초구 반포동 53-7,37.501316,127.0111098
발산,서울 강서구 내발산동 648-15,37.5574944,126.8437582
방배1호,서울 서초구 방배동 761-8,37.4954244,126.9856359
방배2호,서울 서초구 방배동 912-8,37.4814978,126.9965972
방어,울산 동구 방어동 1087-9,35.4833915,129.4180582
방이2호,서울 송파구 방이동 59-1,37.5148082,127.1096736
방이역,서울 송파구 오금동 41-23 성암빌딩 1층,37.5073562,127.1285888
방촌,대구 동구 방촌동 1118-121,35.8768259,128.6694672
방학,서울 도봉구 방학동 659-32,37.6670089,127.0388285
방화1호,서울 강서구 방화동 571-1,37.5736289,126.8136657
방화2호,서울 강서구 방화2동 580-27,37.5705607,126.8123225
배곧신도시1호,"경기 시흥시 정왕동 2475 에이플러스 115, 116호",37.377882,126.7264547
배곧신도시2호,경기 시흥시 정왕동 2536,37.3671173,126.7282012
배미,충남 아산시 배미동 239-17,36.7871852,126.9694208
배방1호,충남 아산시 배방읍 공수리 1639,36.7755179,127.0578694
백마강촌,경기 고양시 일산동구 마두동 753-3,37.6578107,126.7877072
백석(양주),경기 양주시 백석읍 복지리 168-3,37.7898444,126.9923338
백석(천안),충남 천안시 서북구 백석동 910번지 주공아파트상가 103호,36.8199282,127.1187308
백송,경기 고양시 일산동구 백석동 1225 중앙프라자 103호,37.6493196,126.7863312
백운,광주 남구 서동 71-15,35.143174,126.9056444
백운호수,경기 의왕시 학의동 1093-4,37.3729938,127.0093296
번동,서울 강북구 번동 169-1,37.6272822,127.0410486
벌용,경남 사천시 벌리동 255-9,34.940082,128.0855953
범계,경기 안양시 비산동 1110-1,37.3928277,126.9530195
범물,대구 수성구 범물동 1374-4,35.8176585,128.6441371
범어1호,대구 수성구 범어동 203-18,35.8573386,128.6342759
범어2호,대구 수성구 범어동 478-12,35.8633498,128.6237982
범일1호,부산 동구 범일동 833-2,35.1399275,129.0599241
범천,부산 부산진구 범천동 1278-11,35.1467964,129.0551797
법동,대전 대덕구 중리동 385-26,36.3632794,127.4253674
변산격포,전북 부안군 변산면 격포리 260-159,35.6287775,126.4740398
별내2호,경기 남양주시 별내동 846-7,37.6653657,127.1173134
별내역,경기 남양주시 별내동 1006-1,37.6459133,127.1257691
병점1호,"경기 화성시 병점동 379-10 병점프라자 109호, 110호",37.206489,127.0366521
병점2호,경기 화성시 진안동 914-1,37.2146327,127.0419547
보광,서울 용산구 보광동 217-13,37.5262135,126.9987134
보라,경기 용인시 기흥구 보라동 581-2,37.2536406,127.1103
보람,세종시 보람동 628-4,36.4779569,127.2893536
보문,서울 성북구 보문동7가 99,37.5796637,127.0221674
보성,전남 보성군 보성읍 보성리 831-19,34.7701732,127.0801852
보은,충북 보은군 보은읍 삼산리 153-2,36.4864325,127.71762
보정,경기 용인시 기흥구 보정동 1204-4,37.3214018,127.1119283
복대1호,충북 청주시 흥덕구 복대동 1652,36.631189,127.4510607
복사골,경기 부천시 원미구 중동 716-4,37.4949595,126.7670991
복산,울산 중구 복산동 399-12,35.5630961,129.3293959
복수,대전 서구 복수동 622,36.2987009,127.3787683
복운,충남 당진시 송악면 복운리 1642-11,36.9409388,126.7833612
복천,부산 동래구 복천동 476-1,35.2058578,129.0856305
복현1호,대구 북구 복현동 426-5,35.8955148,128.6171314
복현2호,대구 북구 복현동 539 -110 복현서한타운 상가 103호,35.9023729,128.617298
본오1호,경기 안산시 상록구 본오동 879-10,37.2977868,126.8628704
본오2호,경기 안산시 상록구 본오동 857-8,37.2931512,126.8692115
봉곡,경북 구미시 봉곡동 302-4,36.1494457,128.3118878
봉곡사림,경남 창원시 의창구 봉곡동 116-4,35.2495189,128.666505
봉담1호,경기 화성시 상리 26-8,37.2192823,126.9482961
봉덕,대구 남구 봉덕동 687-32,35.8426687,128.5972836
봉동,전북 완주군 봉동읍 둔산리 905-7,35.9587074,127.1245762
봉래영선,"부산 영도구 영선동1가 69-2, 69-3",35.0913941,129.0448351
봉명1호,충북 청주시 흥덕구 봉명동 2844-3,36.6505467,127.4571826
봉명다가,충남 천안시 동남구 다가동 373-6,36.800935,127.1365004
봉방문화교현,충북 충주시 교현동 634-17,36.978616,127.9279932
봉선1호,광주 남구 주월1동 1253-4,35.1331427,126.9103795
봉선2호,광주 남구 봉선동 164-1,35.1261952,126.9157067
봉일천,경기 파주시 조리읍 봉일천리 142-3,37.743103,126.808111
봉천1호,서울 관악구 봉천동 861-7,37.4819131,126.9522155
봉천2호,서울 관악구 봉천동 1674-20,37.4792906,126.9587197
봉천3호,서울 관악구 봉천동 1632-9,37.4759585,126.9640968
봉천4호,서울 관악구 봉천동 931-12,37.4832944,126.9412277
봉천5호,서울 관악구 봉천3동 7-291,37.4884991,126.9582697
봉포,강원 고성군 토성면 봉포리 166-21,38.2506596,128.5663048
봉화,경북 봉화군 봉화읍 내성리 222-1,36.8894653,128.740442
부개3동,인천 부평구 부개동 12-176,37.5037745,126.7359977
부곡(군포),경기 군포시 부곡동 1120-4,37.3249738,126.945146
부곡(안산),경기 안산시 상록구 부곡동 670-2,37.3316741,126.862471
부곡1호,부산 금정구 부곡동 23-15,35.242438,129.0936404
부곡2호,부산 금정구 부곡1동 324-20,35.2240135,129.0914125
부송,전북 익산시 부송동 710-5,35.9596859,126.9881682
부안,전북 부안군 부안읍 봉덕리 826-1,35.725511,126.7404086
부암1호,부산 부산진구 부암동 301-33,35.1668575,129.0490336
부여,충남 부여군 부여읍 관북리 133-5,36.2829464,126.9128873
부원봉황,경남 김해시 부원동 607-3,35.2277899,128.8829347
부천역,경기 부천시 심곡동 161-5,37.4884736,126.7841177
부평1호,인천 부평구 부평동 451-30,37.5017805,126.7213173
부평2호,인천 부평구 부평동 889-8,37.5048044,126.7249724
부평역,인천 부평구 부평동 192-14,37.4938626,126.7256881
북가좌1호,서울 서대문구 북가좌동 385-8,37.5754621,126.9069022
북면,경북 울진군 북면 부구리 159-27,37.103385,129.3738603
북변,경기 김포시 감정동 529-3,37.6233585,126.6993333
북신무전,경남 통영시 무전동 1033-2,34.8586487,128.4269467
북아현1호,서울 서대문구 북아현동 1006,37.5609449,126.9563723
분당효자,경기 성남시 분당구 서현동 333-1,37.3768744,127.1393893
분평,충북 청주시 서원구 분평동 1234,36.6100362,127.4844347
불광1동,서울 은평구 불광동 554-1 라비앙프라자1층 101호,37.6123948,126.9321148
불당,충남 천안시 서북구 불당동 1630,36.8114063,127.1067353
불로원당,인천 서구 당하동 1033-3 조이빌 103,37.5930484,126.6995399
비래,대전 동구 가양동 88-1 조일아파트상가 A동,36.3490481,127.4520823
비산1호,경기 안양시 동안구 비산동 566-7,37.3969973,126.9365777
비전1호,경기 평택시 비전동 829-1,36.9957089,127.1112154
비전2호,경기 평택시 비전동 790-3,36.999701,127.0941049
비파,전남 목포시 상동 851,34.8085907,126.4225126
빛가람1호,전남 나주시 빛가람동 190-3,35.0220671,126.7870877
사가정역,서울 중랑구 면목동 496-14,37.5815248,127.0882337
사남,경남 사천시 사남면 월성리 64-3,35.0626085,128.0754394
사당1호,서울 동작구 사당3동 155-2 1F,37.4841839,126.9774283
사당3호,서울 동작구 사당동 220-119,37.4858444,126.9694538
사동1호,경기 안산시 상록구 사동 1172,37.3015614,126.8417591
사동2호,경기 안산시 상록구 사동 1376-7,37.2867119,126.8466103
사북고한,강원 정선군 사북읍 사북리 344-56,37.2273544,128.8209264
사우,경기 김포시 사우동 998,37.6203845,126.7162151
사직1호(부산),부산 동래구 사직동 137-26,35.1998642,129.0703844
사직2호,부산 동래구 사직동 89-16,35.1956216,129.0592648
사창,강원 화천군 사내면 사창리 457-12,38.070799,127.5209779
사천,경남 사천시 사천읍 수석리 293-23,35.0793516,128.0861783
사파,경남 창원시 성산구 사파동 113-16,35.2220448,128.6955948
산격,대구 북구 산격동 1400-20,35.8921125,128.6080713
산곡1호,인천 부평구 산곡동 369-270,37.4919503,126.7044931
산곡2호,인천 부평구 청천동 259-15,37.5063777,126.7148728
산곡3호,인천 부평구 산곡2동 251-1,37.50025,126.7030497
산내마을,경기 파주시 목동동 937,37.729092,126.7341714
산동,경북 구미시 산동면 신당리 1437,36.154518,128.4317474
산본1호,경기 군포시 산본동 1106-3 101호,37.3675841,126.9263197
산본3호,경기 군포시 산본동 1060 산본타운 2층,37.3721878,126.9352672
산본역,경기 군포시 산본동 1132-2,37.3604825,126.9318626
산청,경남 산청군 산청읍 옥산리 249,35.4119022,127.8728868
삼계1호,경남 김해시 삼계동 1479-4,35.2618132,128.8713019
삼계2호,경남 김해시 삼계동 1415-5,35.2687981,128.8635406
삼례우석대,전북 완주군 삼례읍 후정리 13-8,35.9144609,127.0688369
삼문상남,경남 밀양시 삼문동 717-11,35.4829529,128.7496736
삼방,경남 김해시 삼방동 171-12,35.2465793,128.9064962
삼산(부평),인천 부평구 삼산동 433-1,37.5160296,126.7339324
삼산(울산),울산 남구 달동 1266-9,35.5359947,129.3319076
삼산2호,울산 남구 삼산동 203-15,35.5423515,129.348331
삼성,경남 양산시 북정동 885-12,35.3590211,129.0431521
삼성1호,서울 강남구 삼성동 44-18,37.5120506,127.0490419
삼송,경기도 고양시 덕양구 신원동 626-1 1층 상가 5~6호,37.6624768,126.8897982
삼양화북,제주 제주시 화북1동 1023-2,33.5145109,126.5760442
삼정,경남 김해시 삼정동 590-1,35.2313376,128.8947958
삼척,강원 삼척시 남양동 17-2,37.4444414,129.1637015
삼천1호,전북 전주시 완산구 삼천동1가 621,35.7978282,127.1232738
삼학,전남 목포시 산정동 1284,34.79391,126.3992443
삼호,전남 영암군 삼호읍 용앙리 481,34.7504123,126.4606853
상계4단지,서울 노원구 상계동 749-5,37.6500683,127.0622109
상계보람,서울 노원구 상계동 456-70,37.663165,127.0662001
상계역,서울 노원구 중계동 137-39,37.6620523,127.0754903
상남,경남 창원시 성산구 상남동 34-9,35.2204416,128.6814476
상대,경남 진주시 상대동 238-3,35.1840594,128.1146898
상대원1호,경기 성남시 중원구 상대원동 5027,37.4346009,127.1583221
상도,서울 동작구 상도동 535 상도2차 두산위브트레지움아파트 상가,37.5038796,126.9427844
상도터널,서울 동작구 상도동 159-26,37.500484,126.9495844
상동,전북 정읍시 시기동 170-4,35.5644357,126.8603414
상동석현,전남 목포시 석현동 1173-2,34.8145801,126.4223187
상동역,경기 부천시 원미구 상동 523-3 대동프라자 1층 107호,37.512805,126.7516666
상모,경북 구미시 상모동 42-7,36.0907125,128.3555219
상무1호,광주 서구 치평동 1258,35.1501451,126.8504806
상문,경남 거제시 상동동 913-2,34.8635291,128.6316314
상봉1호,서울 중랑구 상봉동 91-1,37.5967851,127.0886597
상봉중앙,경남 진주시 중안동 2-11,35.1949086,128.0808968
상북,경남 양산시 상북면 석계리 242-1,35.4141699,129.0588007
상암,서울 마포구 상암동 34-45,37.5767375,126.8945806
상인,대구 달서구 상인동 1555-1,35.812508,128.5456611
상일,서울 강동구 고덕동 200-3,37.5584097,127.1707492
상일2호,서울 강동구 구천면로 640,37.5502858,127.1690858
상주,경북 상주시 무양동 213-3,36.4220812,128.1587116
상평,경남 진주시 상평동 198-43,35.176737,128.1125604
상현1호,경기 용인시 수지구 상현동 3-4,37.3141235,127.0884693
상현역,경기 용인시 수지구 상현동 1160,37.2964122,127.0800236
생연,경기 동두천시 생연동 689-28,37.9011721,127.0532308
서곡효자,전북 전주시 완산구 효자동3가 1609-16,35.8273219,127.1055917
서귀포남원,제주 서귀포시 남원읍 남원리 50,33.2803796,126.7226913
서귀포명동,제주 서귀포시 서귀동 408-3,33.2475934,126.564962
서귀포혁신도시,제주 서귀포시 강정동 166-10,33.253542,126.5068454
서동1호,부산 금정구 서동 210-6,35.2142301,129.1063667
서면,부산 부산진구 부전동 266-24,35.1592942,129.059943
서산테크노,충남 서산시 오사리 1666,36.8283908,126.4471317
서신,전북 전주시 완산구 서신동 938-5,35.8356882,127.1103023
서울시립대,서울 동대문구 전농동 295-5,37.5769489,127.0575591
서울시청,서울 중구 태평로2가 55,37.5637532,126.9773538
서재세천,대구 달성군 다사읍 서재리 423-15,35.8714647,128.4971733
서창,인천 남동구 서창동 706,37.422887,126.7498219
서창1호,경남 양산시 삼호동 707-2,35.4140461,129.1711135
서천,충남 서천군 군사리 718-11,36.0792229,126.6862992
서초1호,서울 서초구 서초동 1357-56,37.4875079,127.0309392
서초2호,서울 서초구 서초동 1669-15,37.4934952,127.0171309
서초3호,서울 서초구 서초동 1579-5,37.4882622,127.013497
서충주기업도시,"충북 충주시 중앙탑면 용전리 664 (107호, 108호)",37.0161428,127.8251577
서판교,경기 성남시 분당구 판교동 612-3,37.3908026,127.0908691
서현,"경기 성남시 분당구 서현동 89-7, 삼성한신근린상가",37.3815128,127.1281613
석계역,서울 노원구 월계1동 73-13,37.6175378,127.0638829
석관장위,서울 성북구 장위동 50-46,37.6119402,127.0584217
석남가정,인천 서구 가정동 505-4,37.51772,126.673491
석동덕산,경남 창원시 진해구 석동 139-6,35.1521775,128.7049276
석림,충남 서산시 예천동 1287-5,36.7705522,126.4513811
석사,강원 춘천시 석사동 748-18(33통405),37.8648874,127.7509183
석산,경남 양산시 동면 금산리 1422-14,35.3127685,129.025088
석수1호,경기 안양시 만안구 석수1동 177-6,37.4165304,126.9137181
석적,경북 칠곡군 석적읍 중리 203-5,36.0773331,128.4140744
석전회성,경남 창원시 마산회원구 석전동 264-56,35.2280045,128.5726147
석촌,서울 송파구 석촌동 163-1,37.5067428,127.1035682
선부1호,경기 안산시 단원구 선부동 1070-2,37.3360104,126.8090446
선부2호,경기 안산시 단원구 선부동 1142-7,37.3429326,126.814926
선산,경북 구미시 선산읍 동부리 416,36.2428294,128.3019175
선운지구,광주 광산구 선암동 777,35.1489507,126.7703632
선유도역,서울 영등포구 양평동4가 147-3,37.5372424,126.8956377
선학연수3호,인천 연수구 선학동 406-2,37.4270308,126.6983979
성거,충남 천안시 서북구 성거읍 저리 65-1,36.8750302,127.2018779
성건중앙,경북 경주시 성건동 625-13,35.855051,129.2073924
성남위례,경기 성남시 수정구 창곡동 547-8,37.4657842,127.1396512
성내,서울 강동구 성내2동 509-7 1층,37.5313547,127.1279569
성내용산,충북 충주시 용산동 1650-2,36.9616147,127.9421417
성덕,강원 강릉시 입암동 498-13,37.7552382,128.9110051
성복,경기 용인시 수지구 성복동 162-3,37.3154878,127.0753266
성산2동,서울 마포구 성산동 592,37.5634262,126.9033573
성산일출봉,제주 서귀포시 성산읍 성산리 362-1,33.4687859,126.9291684
성서,대구 달서구 신당동 1761-5,35.8580492,128.4996317
성성,충남 천안시 서북구 성성동 656,36.8409269,127.1291901
성수1호,서울 성동구 성수동2가 235-1,37.5370219,127.0607551
성수역,서울 성동구 성수동2가 289-251,37.5461246,127.0546417
성안,울산 중구 성안동 804-10,35.5758308,129.3082615
성정,충남 천안시 서북구 성정동 149-4,36.8150311,127.1421378
성주,경북 성주군 성주읍 성산리 2102-4,35.918469,128.2891482
성주안민,경남 창원시 성산구 성주동 125,35.1983031,128.7113969
성환1호,충남 천안시 서북구 성환읍 매주리 325-5 외 1,36.9113209,127.1297707
세곡,서울 강남구 자곡동 611,37.4741326,127.0940872
세교,경기 평택시 세교동 181-8,37.0011631,127.0783273
세마수청,경기 오산시 수청동 618-1,37.1702978,127.0642072
세종소담,세종 소담동 576,36.4849625,127.3006869
세종아름,세종  아름동 1363,36.5105168,127.2512194
세화,제주 제주시 구좌읍 평대리 3349-8,33.5266205,126.8545167
소래포구,인천 남동구 논현동 671-3,37.4014784,126.7345075
소룡산북,전북 군산시 소룡동 1545-5번지,35.9694114,126.6828082
소사벌,"경기 평택시 비전동 1015 엘도라도 시티 104호, 105호",37.0041253,127.1032524
소사범박,경기 부천시 소사본동 139-9,37.4780963,126.7959118
소촌우산,광주 광산구 소촌동 244-6,35.1574941,126.7953369
소하1호,경기 광명시 소하동 1240-1,37.4362467,126.8818391
소하2호,경기 광명시 소하동 1342-1,37.4476545,126.8828334
솔내,전북 전주시 덕진구 송천동1가 405-1,35.8571287,127.1186661
송강,대전 유성구 봉산동 198-13,36.4365745,127.3866452
송내(동두천),경기 동두천시 지행동 694 예일 복합타워 114호,37.8931115,127.05324
송내로데오,경기 부천시 원미구 상동 400-2,37.4913247,126.7521588
송도,경북 포항시 남구 해도동 25-28,36.0286482,129.3704588
송도1호,인천 연수구 송도동 21-59  302동 102호,37.3965073,126.6498177
송도8공구,인천 연수구 송도동 316,37.4104943,126.626557
송도감천,"부산 서구 암남동 64-2 상가동 108호,109호(암남동)",35.0812731,129.0172042
송도드림시티,인천 연수구 송도동 3-2,37.3949558,126.6501533
송도캠퍼스타운,인천 연수구 송도동 155(송도아메리칸타운파크),37.3850536,126.6622171
송산그린시티,경기 화성시 새솔동,37.2812953,126.818772
송우,경기 포천시 소흘읍 송우리 729-3 파크프라자 1층,37.8297811,127.1406466
송정(구미),경북 구미시 송정동 38-5 우방타운 206동2호,36.1211882,128.3482611
송정(부산),부산 해운대구 송정동 227-7,35.1822099,129.2039977
송정1호,광주 광산구 도산동 1143,35.1291944,126.7917364
송정지구,울산 북구 송정동 407,35.6014505,129.3629638
송천,전북 전주시 덕진구 송천동2가 179-116,35.8667998,127.1310456
송촌1호,대전 대덕구 송촌동 454-4,36.3652399,127.4377878
송탄1호,경기 평택시 이충동 664-4,37.0601315,127.0654969
송탄2호,경기 평택시 지산동 714-11,37.0799427,127.0612666
송파1호,서울 송파구 송파동 147,37.5071708,127.1166153
송현(대구),대구 달서구 송현1동 207-2,35.8320741,128.5529335
송현(인천),인천 동구 송림동 234-1,37.4735542,126.6372116
송현오거리,경북 안동시 송현동 260-5,36.5721611,128.6990942
수곡,충북 청주시 수곡동 896,36.616535,127.4720775
수내1호,경기 성남시 분당구 수내동 32 양지마을청구아파트,37.3763473,127.1166857
수락산역,서울 노원구 상계동 1118,37.6759956,127.0550181
수성(대구),대구 수성구 수성동4가 1022-11,35.860632,128.617435
수성(정읍),전북 정읍시 수성동 954-13,35.579243,126.8530237
수성호수,대구 수성구 두산동 653-5,35.8268273,128.622371
수안,부산 동래구 수안동 192-4,35.2010151,129.0843772
수암,울산 남구 야음동 692-6,35.5270533,129.3248469
수양,경남 거제시 수월동 1120-14,34.8934754,128.6410142
수영,부산 수영구 수영동 503-23,35.1685713,129.1197916
수완1호,광주 광산구 장덕동 1479번지 1층,35.1914317,126.8139523
수완2호,광주 광산구 수완동 1126,35.1913084,126.828482
수원역,경기 수원시 팔달구 고등동 86-4,37.2696534,127.0045589
수유1호,서울 강북구 수유동 385-2,37.6410001,127.0173985
수유역점,서울 강북구 번동 461-127,37.6388968,127.0287948
수정1호,부산 동구 수정동 295-3,35.1281401,129.0457049
수지1지구,경기 용인시 수지구 풍덕천동 29-10,37.3268312,127.096371
수지2지구,경기 용인시 수지구 풍덕천동 697,37.3231434,127.0920812
수진1호,경기 성남시 수정구 수진동 88번지 102호,37.4396939,127.1325977
수택,경기 구리시 교문동 760-12,37.5919717,127.1317635
숙대,서울 용산구 청파동2가 90-11,37.5450002,126.9696733
순창,전북 순창군 순창읍 순화리 282-6,35.3732133,127.1394504
순천대점,전남 순천시 석현동 80-5,34.9690063,127.4857789
숭인,서울 종로구 숭인2동 183-13,37.574612,127.0200911
시지1호,대구 수성구 매호동 1328-12,35.8436122,128.7078526
시지2호,대구 수성구 시지동 489-2,35.8396232,128.693697
시지3호,대구 수성구 신매동 593-4,35.8321903,128.7075117
시청(부산),부산 연제구 거제3동 34-19,35.186872,129.0764185
시청(제주),제주 제주시 이도이동 1179-18,33.4988207,126.5309433
시흥1호,서울 금천구 시흥2동 264-17,37.4502162,126.913475
시흥2호,서울 금천구 시흥1동 905-5,37.4500488,126.9038516
식사,경기 고양시 일산동구 식사동 1531,37.6779331,126.812171
신가,광주 광산구 신가동 974-6,35.1854136,126.8335576
신곡,경기 의정부시 신곡동 484,37.7403067,127.0612525
신곡2호,경기 의정부시 신곡동 703-9,37.7315737,127.0550376
신공덕,서울 마포구 신공덕동 159(신공덕 래미안상가 1동109호),37.5463803,126.958037
신관,충남 공주시 신관동 24-25,36.474223,127.14285
신기,전남 여수시 신기동 117-7,34.7582498,127.671464
신길1호,서울 영등포구 신길동 296-14,37.5076897,126.9040856
신길2호,서울 영등포구 신길7동 674,37.502937,126.9211726
신내1호,서울 중랑구 신내동 797,37.6060585,127.0971514
신당1호,서울 중구 신당동 846,37.562415,127.0172969
신대,전남 순천시 해룡면 신대리 1977-8,34.9346207,127.5470402
신대방,서울 동작구 신대방동 607-28,37.489566,126.9074139
신대방삼거리,서울 동작구 대방동 407-46,37.4993548,126.9271841
신도림1호,서울 구로구 신도림동 648 신도림6차대림아파트 상가 902동 111호,37.505685,126.8828373
신동1호,경기 수원시 영통구 신동 935-3,37.2473373,127.0443822
신림1호,서울 관악구 신림동 518-56,37.4859325,126.9134235
신림2호,서울 관악구 신림동 1680-15,37.4772883,126.9157544
신림3호,서울 관악구 신림동 241-66,37.4698911,126.9390001
신림4호,서울 관악구 신림동 706-6,37.4719348,126.9193002
신방1호,충남 천안시 동남구 신방동 785-32,36.7891664,127.1233224
신방통정,충남 천안시 동남구 신방동 1538,36.7734909,127.1318212
신백,충북 제천시 신백동 214-7,37.1297669,128.2281218
신부1호,충남 천안시 동남구 신부동 728,36.8215562,127.1584349
신사1동,서울 은평구 신사동 29-13,37.59775,126.9105881
신사우동,강원 춘천시 우두동 1052-29,37.9003282,127.7283445
신성,대전 유성구 신성동 137-15,36.3902843,127.3494238
신수,서울 마포구 신수동 451번지 세양청마루아파트 상가 101호,37.5477943,126.9367227
신시가지,전북 전주시 완산구 효자동2가 1327-1,35.8108561,127.1063016
신안평거,경남 진주시 신안동 439-7,35.1839396,128.0685699
신암대현,대구 북구 대현동 153-4,35.8820603,128.6115438
신영통1호,경기 수원시 영통구 망포동 381-2,37.2393867,127.0547947
신용산역,서울 용산구 한강로2가 122-5,37.5304254,126.9700801
신월1호,서울 양천구 신월동 602-8,37.5200929,126.8449041
신월2호,서울 양천구 신월7동 972-6,37.5205267,126.8349454
신월사거리,서울 양천구 신월동 166-5,37.5349169,126.8286161
신월성,대구 달서구 월성동 1264번지 트럼프스타 B/D 106호,35.8218178,128.5279475
신이문,서울 동대문구 이문동 255-222,37.6028358,127.0627715
신장1호,경기 하남시 신장동 447-28,37.5393191,127.2112019
신장2호,경기 하남시 천현동 40-13,37.5350173,127.2235019
신정1호,서울 양천구 신정동 1022-5,37.5196732,126.8590872
신정3동(구 신정3호점),울산 남구 신정3동 177-1,35.5421431,129.3130718
신주례,부산 사상구 주례2동 3-17,35.1538979,129.0156618
신중동,경기 부천시 원미구 중동 1147-1,37.5026142,126.7711934
신창,광주 광산구 신창동 1236-1,35.1944241,126.8380787
신천1호(대구),대구 동구 신천동 501-5,35.8747973,128.6171976
신천1호(시흥),경기 시흥시 신천동 707-50,37.4420009,126.7860128
신촌,서울 서대문구 창천동 41-14,37.5581357,126.9376853
신탄진,대전 대덕구 석봉동 309-1,36.448501,127.4208142
신트리,서울 양천구 신정동 1267 목동뉴프라자,37.5132529,126.8555651
신평,충남 당진시 신평면 거산리 13-4번지 1층,36.8816549,126.7555749
신평1호,부산 사하구 신평동 262-20,35.0914297,128.973496
신평공단,경북 구미시 신평동 95-4,36.122659,128.3651553
신풍역,서울 영등포구 신길동 445-2,37.498866,126.9080582
신현,경기 광주시 오포읍 신현리 371-4,37.3588477,127.1595257
신호,부산 강서구 신호동 317-15,35.0821489,128.8727315
신흥1호,경기 성남시 수정구 신흥동 34,37.4492952,127.1456596
심곡1호,경기 부천시 소사구 심곡본동 678-17,37.481465,126.7817988
십정1호,인천 부평구 십정동 440-11,37.4692146,126.6996576
쌍문1호,서울 도봉구 방학동 263-56,37.6608617,127.0352315
쌍문역,서울 도봉구 쌍문3동 88-127,37.6507156,127.035618
쌍용1호,충남 천안시 쌍용동 1530,36.7967107,127.1181336
쌍용2호,충남 천안시 쌍용동 987,36.8046027,127.1298834
쌍촌1호,광주 서구 쌍촌동 147,35.1579555,126.86592
아라,제주 제주시 아라일동 6080,33.4700965,126.5457589
아라이도,제주 제주시 이도2동 1970-24,33.4939237,126.5415273
아름마을,"경기 성남시 분당구 야탑동 533-8, 미라보상가 1층 7호",37.4057889,127.1233254
아미부민,부산 서구 부민동1가 11-3,35.1045984,129.0210704
아산테크노,충남 아산시 둔포면 석곡리 1704,36.9201436,127.0570178
아주,경남 거제시 아주동 1178-2,34.8650596,128.6876747
아주대,경기 수원시 팔달구 우만동 85-3 우만동R타워,37.2757674,127.042092
아중,전북 전주시 덕진구 인후동1가 834-4,35.8336197,127.1611038
아현,서울 마포구 아현동 774 마포래미안 푸르지오 101동 상가 114호,37.5527494,126.9528627
안강,경북 경주시 안강읍 산대리 2400-2,36.0015556,129.1965663
안국,서울 종로구 화동 138-7,37.5793438,126.9825512
안락2호,부산 동래구 안락동 670-13,35.1939258,129.1006159
안산,전남 여수시 안산동 438-7,34.7607098,127.6510983
안서,충남 천안시 안서동 227-3,36.8296308,127.1794223
안성1호,경기 안성시 연지동 94,37.0107347,127.2707613
안성2호,경기 안성시 인지동 390-35,37.0054549,127.2690689
안성중앙대,경기 안성시 대덕면 내리 678-8,37.0021585,127.226283
안암,서울 동대문구 제기동 142-8,37.5861138,127.032821
안양1번가,경기 안양시 만안구 안양동 674-241,37.3994314,126.9225825
안양1호,경기 안양시 만안구 안양동 711-317,37.3957629,126.9189155
안양2호,경기 안양시 만안구 안양동 473-4,37.3908355,126.9263991
안중1호,경기 평택시 안중읍 현화리 47,36.984898,126.9259395
안행,전북 전주시 완산구 효자동1가 202-1,35.8058133,127.1282081
암사1호,서울 강동구 암사동 504-37,37.5531331,127.1283412
암사2호,서울 강동구 암사동 446-18,37.5549878,127.134759
압구정신사,서울 강남구 신사동 640-5 대성빌딩 1층 1호,37.5275481,127.0363103
앞산,대구 남구 대명동 780-3,35.8394666,128.5771511
애월해안도로,제주 제주시 애월읍 고내리 1145-1,33.4664773,126.3373393
야음1호,울산 남구 야음동 715-3,35.5234715,129.3187546
야탑1호,경기 성남시 분당구 야탑동 272-4,37.4116348,127.1385612
야탑역,경기 성남시 분당구 야탑동 376-13,37.4135767,127.1310878
약대,경기 부천시 삼정동 294-7,37.5167158,126.7698428
약사병영,울산 중구 약사동 629-17,35.5676499,129.3412644
약수,서울 중구 신당동 374-14,37.5561847,127.0111801
양곡,경기 김포시 양촌읍 양곡리 1302-2,37.6557092,126.6287283
양구,강원 양구군 양구읍 상리 227-105,38.1052839,127.9893603
양덕(창원),경남 창원시 마산회원구 양덕동 61-61,35.2308978,128.5837915
양덕(포항),경북 포항시 북구 양덕동 1574,36.082885,129.4002135
양벌,경기 광주시 오포읍 양벌리 290-3,37.3799207,127.2549536
양산1호,광주 북구 양산동 877-1 1층,35.2102209,126.8793617
양양,강원 양양군 양양읍 남문리 125,38.0748128,128.6204317
양재1호,서울 서초구 양재동 327-2,37.4689778,127.0406915
양정,부산 부산진구 양정동 310-6,35.1737143,129.072838
양정염포,울산 북구 양정동 497-11,35.5487896,129.3836746
양지,경기 용인시 처인구 양지리 454-2,37.2357442,127.2863482
양평,경기 양평군 양평읍 양근리 183-4,37.4903056,127.4965154
양학대이,경북 포항시 남구 이동 652-4,36.0300391,129.3389449
어방,경남 김해시 어방동 523-2,35.2449845,128.9048485
언양,울산 울주군 언양읍 남부리 256-2,35.5643862,129.124528
엄궁,부산 사상구 엄궁동 40-94,35.1283159,128.9747484
에코시티,전북 전주시 덕진구 송천동2가 1298,35.8804357,127.1324466
여서,전남 여수시 여서동 227-2,34.7529591,127.705117
여월작동,경기 부천시 여월동 332,37.5111203,126.8061048
여의도,서울 영등포구 여의도동 44-31,37.519797,126.9302979
여주1호,경기 여주군 하동 405-4,37.2956814,127.632077
역곡2동,경기 부천시 원미구 역곡동 48-5,37.4842901,126.8073223
역삼1호,서울 강남구 역삼동 837-15,37.4919067,127.032171
역촌1호,서울 은평구 역촌동 55-1,37.6053649,126.9111555
연경,대구 북구 연경동 949-1,35.9425192,128.6151371
연남,서울 마포구 연남동 369-20,37.5634154,126.9207553
연무,충남 논산시 연무읍 안심리 76-64,36.1258725,127.0984841
연무1호,경기 수원시 장안구 연무동 249-13,37.2933091,127.0263882
연산1호,부산 연제구 연산동 479-9,35.1833779,129.1068775
연산2호,부산 연제구 연산4동 578-1 삼익아파트 상가 101호,35.1913992,129.0812693
연산3호,부산 연제구 연산동 2133-48,35.174051,129.0926893
연산4호,부산 연산동 367-18,35.1883338,129.0967291
연수,충북 충주시 연수동 1610,36.9847421,127.9397532
연수중앙,인천 연수구 연수동 626,37.4131634,126.6792223
연신내,서울 은평구 불광동 484-72,37.6204676,126.9205051
연일,경북 포항시 남구 생지리 157-9,35.9974473,129.3480208
연제,광주 북구 연제동 41-3,35.1974764,126.8705513
연지,부산 부산진구 연지동 40-12,35.1723325,129.0593708
연향,전남 순천시 연향동 1351-1,34.9500054,127.5169209
연희1호(인천),인천 서구 심곡동 257-15,37.5421146,126.673284
염창,서울 강서구 염창동 249-5,37.5505291,126.8729595
영광,전남 영광군 영광읍 신하리 819-8,35.2755809,126.4990481
영대,경북 경산시 압량면 신대리 497,35.8413898,128.7650269
영덕,경북 영덕군 영덕읍 덕곡리 162-1,36.4123448,129.3684601
영등1호,전북 익산시 영등동 765-4,35.9553943,126.9714463
영등2호,전북 익산시 영등동 843-5,35.9599249,126.978336
영등포1호,서울 영등포구 신길동 232-42,37.5070322,126.9107523
영등포역,서울 영등포구 영등포동3가 21-10,37.5177396,126.9077187
영어교육도시,제주 서귀포시 대정읍 보성리 2476,33.2787997,126.274465
영월,강원 영월군 영월읍 하송리 178-2,37.1802565,128.4629055
영종하늘도시,인천 중구 중산동 1884-4,37.4888484,126.5617786
영주,경북 영주시 휴천동 642-362,36.814399,128.6207189
영주대청,부산 중구 대청동4가 82-13,35.1037387,129.0290415
영천1호,경북 영천시 망정동 208-21,35.9762597,128.9520944
영통1호,경기 수원시 영통구 영통동 1005-1,37.2505232,127.0760313
영통2호,경기 수원시 영통구 영통동 952-5,37.2647684,127.0768786
영화,경기 수원시 장안구 영화동 425-3,37.2874472,127.0061134
예산,충남 예산군 예산읍 산성리 709-4,36.692646,126.8304562
오관,충남 홍성군 홍성읍 대교리 577,36.602386,126.6711061
오남,경기 남양주시 오남읍 오남리 205-19,37.6909234,127.2134747
오류1호,서울 구로구 오류1동 10-3,37.4955131,126.8420913
오목고색,경기 수원시 권선구 오목천동 314-20,37.2461895,126.9659888
오목교,서울 양천구 신정동 1296 아이파크 상가 1층,37.5216542,126.8721535
오전고천,경기 의왕시 오전동 276-1,37.3526889,126.9719313
오창1호,충북 청주시 청원구 오창읍 각리 652-7,36.7079092,127.4158008
오창산업단지,충북 청원군 오창읍 주성리 602,36.7323126,127.4518822
오천,경북 포항시 남구 오천읍 원리 913-2,35.9684853,129.4030317
오치,광주 북구 오치동 785-4,35.186824,126.8985723
오태북삼,경북 칠곡군 북삼읍 인평리 246-3,36.0665175,128.3454931
오학,경기 여주군 오학동 산45-7,37.3106416,127.6438435
옥계,경북 구미시 옥계동 843-1,36.1368523,128.4200128
옥교,울산 중구 학산동 3-27,35.5551875,129.3314015
옥길,경기 부천시 옥길동 730-3,37.4691951,126.8214092
옥동(안동),경북 안동시 옥동 786-15,36.5621906,128.7007182
옥동(울산),울산 남구 옥동 584-11,35.5360436,129.2886769
옥련,인천 연수구 옥련동 194-4,37.4238963,126.6444073
옥룡,충남 공주시 옥룡동 308-1,36.4562197,127.1330901
옥암,전남 목포시 옥암동 1248-2,34.8099707,126.446384
옥정,"경기 양주시 옥정동 966-1 (101호, 102호)",37.8202044,127.0928471
옥포(거제),경남 거제시 옥포동 160-1,34.8904958,128.6949964
옥포(대구),대구 달성군 옥포읍 교항리 2911,35.781362,128.4414485
온천,충남 아산시 온천동 1310,36.788468,126.9968933
온천1호,부산 동래구 온천동 210-5번지,35.2191704,129.0812517
온천2호,부산 동래구 온천동 1411-47,35.2029823,129.0666556
올림픽공원,서울 송파구 풍납동 401-4,37.5273396,127.1183563
와우리,경기 화성시 기안동 338-4,37.2256003,126.972255
완도,전남 완도군 완도읍 군내리 1237-14,34.318883,126.7464954
완산문외,경북 영천시 문외동 258-6,35.9725154,128.9364493
왕십리1호,서울 성동구 하왕십리동 946-15,37.5639548,127.0296742
왕십리도선,서울 성동구 홍익동 131-1,37.564876,127.0360563
왕암,충북 제천시 왕암동 798,37.1545522,128.1693667
왜관,경북 칠곡군 왜관읍 왜관리 237-19,35.9920053,128.3985745
외도하귀,제주 제주시 하귀1리 162-4,33.4823647,126.415193
외동(경주),경북 경주시 입실리 1344-46,35.7112705,129.3251682
외동(김해),경남 김해시 외동 1187-12,35.2331431,128.8593312
용강(경주),경북 경주시 용강동 1619,35.883707,129.2282481
용강(서울),서울 마포구 대흥동 500-10,37.5436525,126.9444068
용담삼도,제주 제주시 용담이동 628-24,33.5096795,126.5077215
용답,서울 성동구 용답동 60-18,37.5647675,127.0525136
용당서면,전남 순천시 용당동 348-9,34.973752,127.4950637
용두,서울 동대문구 왕산로28길 55,37.5756898,127.039204
용두오류,대전 중구 오류동 153-27,36.3228695,127.4096179
용문,서울 용산구 용문동 28-26,37.5377855,126.9599825
용산,대구 달서구 용산1동 954-6,35.8547425,128.5308646
용산새방,대구 달서구 용산동 499-2,35.8585423,128.5216218
용상,경북 안동시 용상동 1179-188,36.5564705,128.7552206
용암1호,충북 청주시 상당구 용암동 2574,36.6205093,127.5130672
용암2호,충북 청주시 상당구 용암동 1780,36.6061898,127.5061182
용운,대전 동구 용운동 306-3,36.3279327,127.4595963
용인1호,경기 용인시 처인구 김량장동 293-24,37.2351091,127.1954705
용인2호,경기 용인시 처인구 마평동 657-14,37.2353043,127.2121073
용인서천,경기 용인시 기흥구 농서동 436-3,37.2339019,127.0716664
용해,전남 목포시 연산동 1930-4,34.8178871,126.39309
용현1호,경기 의정부시 용현동 18-15,37.7352277,127.0877953
용현2동,인천 남구 용현동 558-32,37.4558931,126.6409786
용현5동,인천 남구 용현동 630-45,37.4524573,126.6340028
용호1호,부산 남구 용호동 555-19,35.1103773,129.1109923
용호2호,부산 남구 동명로 126,35.1197923,129.1107444
용호2호,부산 남구 용호동 396-1,35.1197356,129.1107088
용화,충남 아산시 용화동 714,36.7715379,126.995972
용흥,경북 포항시 북구 용흥동 63-9,36.0388744,129.3558941
우동1호,부산 해운대구 우동 1090-13,35.1694614,129.1385895
우만1호,경기 수원시 팔달구 우만동 481,37.2892362,127.0311343
우면,서울 서초구 우면동 720,37.4636458,127.0262394
우방신세계,부산 동래구 안락동 471-41,35.1995872,129.1125844
우산,강원 원주시 우산동 818,37.3633998,127.9328399
우정,울산 중구 우정동 436-41,35.5599861,129.3116611
우정혁신,울산 중구 유곡동 473-8,35.5599994,129.2952064
우현,경북 포항시 북구 우현동 산15-6,36.0559723,129.3638168
운남1호,광주 광산구 월곡2동 683-1,35.17617,126.8114668
운서,인천 중구 운서동 2913-3,37.4828961,126.5104545
운암1호,광주 북구 운암3동 1051-5,35.1827723,126.8724917
운암2호(오산),"경기 오산시 오산동 919-3, 102호",37.1566264,127.078285
운양,경기 김포시 운양동 1297-6 승문리앤포레 1차 1층,37.6553379,126.6832107
운정1호,경기 파주시 동패동 1758,37.7120798,126.7445462
운천신봉,충북 청주시 흥덕구 운천동 1366,36.6499746,127.4749535
울대,울산 남구 무거동 623-6,35.5393846,129.2571492
울진,경북 울진군 울진읍 읍내리 576-1,36.9972669,129.4015354
웅동용원,경남 창원시 진해구 용원동 1212-11,35.1014329,128.8127638
웅천,전남 여수시 웅천동 1694-1 104호,34.7465707,127.6700254
웅촌,울산 울주군 청량면 삼정리 755-1 가동 216호,35.4959939,129.237965
원곡1호,경기 안산시 단원구 원곡동 754-6,37.3320475,126.7942759
원광대,"전북 익산시 신동 764-4 시즈퍼스트 상가112호, 113호",35.9619244,126.9590563
원당,경기 고양시 덕양구 성사동 519-2,37.6596695,126.8399615
원대노원,대구 북구 노원동3가 892-1,35.8922303,128.56794
원동,경기 오산시 오산동 881-7,37.1447073,127.068273
원산,전남 목포시 산정동 1693-3,34.8040697,126.3756538
원성,충남 천안시 동남구 원성2동 518-4,36.806181,127.1623608
원주기업도시,강원 원주시 지정면 가곡리 1348-7,37.3742835,127.8758555
원주봉화,강원 원주시 단계동 1173-8,37.3568635,127.9188308
원통,강원 인제군 북면 원통리 645-32,38.1225743,128.2037862
원평,경북 구미시 원평동 84-5,36.1282358,128.3283756
원호,경북 구미시 고아읍 원호리 442-2,36.1512905,128.3303295
원흥,경기 고양시 덕양구 도내동 966,37.6349176,126.8724827
월곶,경기도 시흥시 월곶동 1015-1,37.3882813,126.7392897
월성,대구 달서구 본동 1135-4,35.8328073,128.5376811
월영,경남 창원시 마산합포구 해운동 42-11,35.1798639,128.5630631
월평1호,대전 서구 월평동 525,36.3563421,127.3651688
월피,"경기 안산시 상록구 월피동 442-26, 1층",37.330104,126.8509201
위례송파,서울 송파구 장지동 897,37.4748157,127.1415757
유성,대전 유성구 봉명동 621-1,36.358786,127.3458892
유천,강원 강릉시 홍제동 1019-2,37.7577651,128.8680761
율전1호,경기 수원시 장안구 율전동 298-8,37.2985931,126.9692913
율하(김해),경남 김해시 관동동 1106-5,35.1773501,128.8153387
율하(대구),대구 동구 율하동 1311번지 102호,35.8628732,128.6895389
율하2지구,경남 김해시 장유동 834-8,35.1725838,128.8258538
은계,경기 시흥시 은행동 645-5,37.4365425,126.8031985
은평뉴타운,서울 은평구 진관동 22 은평뉴타운상가 914-103호,37.642732,126.9209106
은행1호(성남),경기 성남시 중원구 은행동 663-3,37.4609868,127.1675023
은행1호(시흥),경기 시흥시 대야동 580-4,37.4457348,126.7988459
음성,충북 음성군 음성읍 읍내리 354-3,36.9335849,127.6936176
음성혁신도시,충북 음성군 맹동면 두성리 1251,36.9100037,127.54374
읍내(당진),충남 당진시 읍내동 850,36.8941439,126.6373722
읍내(대구),대구 북구 읍내동 1449 202동 103호,35.9545934,128.5523724
읍내(서산),충남 서산시 읍내동 759-13,36.7775632,126.4443211
응봉,서울 성동구 응봉동 100,37.55196,127.0332819
응암1동,서울 은평구 응암동 236-33,37.5932542,126.9229269
응암오거리,서울 은평구 응암동 595-51,37.587496,126.9147977
의령,경남 의령군 의령읍 서동리 497-9,35.3190842,128.2598383
의성,경북 의성군 의성읍 후죽리 470-6,36.3559261,128.6944587
의정부역,경기 의정부시 의정부동 140-3 미래프라자 1층,37.7376926,127.0480462
이시아,대구 동구 봉무동 1543,35.9229171,128.6367615
이천1호,경기 이천시 영창로 242,37.2804379,127.44954
이천관고,경기 이천시 관고동 504-6,37.2773417,127.4368431
이천대봉,대구 남구 이천동 184-9,35.8545939,128.6036051
이천하이닉스,경기 이천시 부발읍 아미리 678-11,37.2508108,127.4926025
이현인사,경남 진주시 인사동 145-5,35.192553,128.0743057
인계,경기 수원시 팔달구 인계동 1118-12,37.2640597,127.034933
인덕대,서울 노원구 월계동 951 월계센트럴아이파크 상가동 101호,37.6303026,127.0573545
인덕원,경기 의왕시 포일동 662,37.3959701,126.9847629
인동,경북 구미시 인의동 341-2,36.1103501,128.4257531
인제,강원 인제군 인제읍 인제로 189,38.0688406,128.1714083
인창,경기 구리시 인창동 344-7,37.6055142,127.1393289
인하대역,인천 미추홀구 용현동 665-14,37.4475301,126.6493369
인후,전북 전주시 인후동1가 756-18,35.8395079,127.1558471
일곡1호,광주 북구 일곡동 834-11,35.2037873,126.9000717
일광신도시,부산 기장군 일광면 삼성리 833-4,35.2647785,129.2253826
일도,제주 제주시 일도이동 377-22,33.5059602,126.5412534
일동,경기 안산시 상록구 일동 89-3,37.3122185,126.86775
일산,강원 원주시 원동 278-7,37.3436925,127.9441618
일원1동,서울 강남구 일원동 645,37.4903769,127.0854767
일원본동,서울 강남구 수서동 747 삼성아파트 상가 104호,37.4848991,127.0907043
임실,전북 임실군 임실읍 이도리 294,35.6110105,127.2874621
임학박촌,인천 계양구 박촌동 52-3,37.5561187,126.745265
자산교방,경남 창원시 마산합포구 자산동 301-19,35.2023032,128.5669333
자양1호,서울 광진구 자양3동 584-28,37.5310524,127.074814
자양2호,서울 광진구 자양동 624-42,37.5346519,127.082046
자양대동,대전 동구 대동 192-1,36.3308088,127.4435705
자은냉천,경남 창원시 진해구 자은동 135-1 (자은빌딩 103호),35.1556579,128.7138739
작전1호,인천 계양구 작전동 149-1,37.5278035,126.7338044
잠실1호,서울 송파구 잠실동 177-3,37.5105923,127.0798731
잠실2호,서울 송파구 신천동 11-4,37.5174487,127.1036051
잠원1호,서울 서초구 잠원동 15-4,37.5157505,127.0173735
장곡,"경기 시흥시 장곡동 823-5, 동서빌딩",37.3790643,126.7865283
장기,대구 달서구 장기동 826-6,35.8420916,128.5292501
장기1호,경기 김포시 장기동 1911-4,37.6459427,126.6702215
장락,충북 제천시 장락동 542-7,37.1567589,128.22386
장림,부산 사하구 장림동 590,35.07599,128.9724673
장성,경북 포항시 북구 장성동 1355-4,36.0640658,129.3800453
장수,전북 장수군 장수읍 장수리 443-40,35.6502506,127.5197053
장승포,경남 거제시 장승포동 697-2,34.8679319,128.7277584
장안1호,서울 동대문구 전농동 1-171,37.5812951,127.0681144
장안2호,서울 동대문구  장안동 375-3,37.5672406,127.0681398
장암,경기 의정부시 신곡동 362-4,37.7291718,127.0619687
장유1호,경남 김해시 무계동 149-18,35.205127,128.8092447
장재,충남 아산시 배방읍 장재리 1531,36.7884554,127.089291
장전1호,부산 금정구 장전동 134-19,35.2379575,129.0837773
장지,서울 송파구 문정동 102-1,37.485483,127.1313298
장평,경남 거제시 장평동 274,34.8905271,128.6082429
장학,강원 춘천시 동면 장학리 1003-1,37.8936003,127.7543308
장현,경기 시흥시 장현동 516-1,37.371991,126.7974126
장호원감곡,충북 음성군 감곡면 왕장리 523-8,37.1186646,127.639334
장흥,전남 장흥군 장흥읍 건산리 736-10,34.6785476,126.9079833
재송1호,부산 해운대구 반여동 1291-1019,35.1940607,129.1306468
재송2호,부산 해운대구 재송동 1083-10,35.1874908,129.1250032
전곡,경기 연천군 전곡읍 전곡리 302-11,38.0246409,127.0677486
전남대,광주 북구 용봉동 157-20,35.176157,126.9146798
전민,대전 유성구 문지동 635-8,36.3950617,127.4067508
전북대,전북 전주시 덕진구 덕진동1가 1314-201,35.8444252,127.124911
전포1호,부산 부산진구 전포동 337-20,35.1546604,129.0679306
전하,울산 동구 전하2동 634-4,35.5103881,129.4268402
점촌,경북 문경시 모전동 866,36.5850966,128.1863529
정관1호,부산 기장군 정관읍 매학리 751-1,35.3216617,129.1816798
정관2호,부산 기장군 모전리 747-7,35.3347615,129.1683829
정릉1호,서울 성북구 정릉동 285-11,37.6108469,127.0091596
정릉2호,서울 성북구 정릉동 175-24,37.6039104,127.0152363
정왕1호,경기 시흥시 정왕동 1593-2,37.3445643,126.7435133
정왕2호,경기 시흥시 정왕동 1859-3,37.3532593,126.7233581
정왕3호,경기 시흥시 정왕동 1728-12,37.3471238,126.7339828
정자,경기 성남시 분당구 정자동 17-5,37.3673015,127.1077171
정자1호,경기 수원시 장안구 정자동 41-2,37.2938203,127.0004594
정자2호,"경기 수원시 장안구 천천동 502-6, 1층",37.3002249,126.9800256
정촌,경남 진주시 정촌면 예하리 1300-14,35.1257709,128.1024327
제주1호,제주 제주시  연동 272-30,33.489627,126.4919218
조선대,광주 동구 지산동 500번지,35.1460928,126.9311151
조양,강원 속초시 조양동 1520-10,38.1871843,128.5901405
조원1호,경기 수원시 장안구 조원동 729-12,37.3018118,127.0149958
조치원1호,세종 조치원읍 죽림리 21-1 삼일아파트 상가 109호,36.5949313,127.2975959
종로1호,서울 종로구 관철동 13-13,37.5693719,126.9860412
종암,서울 성북구 종암동 3-544,37.6029141,127.0316919
좌동1호,부산 해운대구 좌동 970,35.1738479,129.1758971
좌동2호,부산 해운대구 좌동 1341-8,35.1716682,129.1664315
좌동3호,부산 해운대구 좌동 1484-1,35.1690119,129.1782921
주문진,강원 강릉시 주문진읍 교항리 119-11,37.8841179,128.8254683
주안1호,인천 남구 주안동 1523-2,37.4478741,126.6865821
주안2호,인천 미추홀구 도화동 432-2,37.4598465,126.6741343
주안3호,인천 미추홀구 주안동 929-11,37.4628539,126.6900908
주엽,경기 고양시 일산서구 주엽2동 138 애비뉴상가 1층 1068호,37.6723916,126.7547356
주월,광주 남구 월산동 1034-17,35.138617,126.8931476
주촌,경남 김해시 주촌면 천곡리 1381-14,35.2274137,128.8448668
죽도,경북 포항시 북구 대흥동 592-2,36.0360119,129.362719
죽림,경남 통영시 광도면 죽림리 1574-57 가동 103호,34.8799496,128.4212995
죽림무선,전남 여수시 소라면 죽림리 1226-3,34.7625903,127.6395644
죽전,경기 용인시 수지구 죽전동 1151,37.3323367,127.1112723
죽정,충남 보령시 죽정동 668-14,36.3589923,126.6025232
중계1호,서울 노원구 중계1동 360-9,37.6496045,127.0763902
중계역,서울 노원구 중계동 503,37.6420264,127.0641156
중곡,경남 거제시 고현동 997,34.8942206,128.6291807
중곡1호,서울 광진구 중곡동 243-1,37.5626764,127.0805244
중곡2호,서울 광진구 중곡동 24-2,37.5633604,127.0867001
중동,대구 수성구 중동 258-3,35.8437841,128.6122937
중동꿈마을,경기 부천시 원미구 심곡동 93-1,37.4949594,126.7847438
중동유니시티,경남 창원시 의창구 서상동 666-6,35.2604743,128.6257857
중마1호,전남 광양시 마동 1037-4,34.9548834,127.6919439
중마2호,전남 광양시 중동 1654-3,34.9374115,127.6948661
중문,제주 서귀포시 중문동 1965-9,33.2516373,126.4276409
중산,경기 고양시 일산동구 중산동 1667-3,37.6832476,126.778498
중앙(대구),대구 중구 남일동 33-9,35.8704514,128.5937213
중앙(안산),경기 안산시 단원구 고잔동 540-7,37.3178754,126.8409239
중앙(양산),경남 양산시 중부동 684-6,35.3397342,129.027861
중앙(영주),경북 영주시 영주2동 536-15,36.8218251,128.6244469
중앙(전주),전북 전주시 완산구 고사동 470-3,35.8187119,127.1420703
중앙(진해),경남 창원시 진해구 여좌동 925-40,35.1528881,128.6659274
중앙(창원 성산),경남 창원시 성산구 중앙동 100-1,35.2208947,128.6765457
중촌목동,대전 중구 중촌동 12-5,36.3378271,127.4131638
중화,서울 중랑구 중화동 304-34,37.5995933,127.0788083
중화산,전북 전주시 완산구 중화산동2가 777-6,35.8180123,127.1177206
증산(서울),서울 은평구 증산동 209-18,37.582651,126.9055108
증산(양산),경남 양산시 물금읍 가촌리 1269-3,35.3189256,129.0000384
증평,충북 증평군 증평읍 초중리 8-1,36.7801958,127.5764988
증포,경기 이천시 증포동 177-21,37.2901163,127.4545083
지곡,전북 군산시 지곡동 495-1,35.9584831,126.7045544
지내안동,경남 김해시 지내동 67-1,35.2286545,128.9238198
지묘,대구 동구 지묘동 808-3,35.9423076,128.6374719
지사,부산 강서구 지사동 1191-5,35.1494856,128.8330673
지세포,경남 거제시 일운면 지세포리 1009-7,34.8271717,128.7047949
지저불로,대구 동구 지저동 833-15,35.8925337,128.6380603
직산1호,충남 천안시 서북구 직산읍 삼은리 365,36.8769418,127.1520619
진건,경기 남양주시 진건읍 사능리 353-4,37.6560036,127.1812645
진동,경남 창원시 마산합포구 진동면 진동리 436,35.1167849,128.4853806
진량,경북 경산시 진량읍 봉회리 81-3,35.8845043,128.82249
진부,강원 평창군 진부면 하진부리 152-23,37.6364739,128.5562876
진사리,경기 안성시 공도읍 진사리 20-30,36.9920333,127.1392808
진안,전북 진안군 진안읍 군상리 286-1,35.7924912,127.4340212
진영,경남 김해시 진영읍 진영리 1629-2,35.3079766,128.7355882
진월,광주 남구 진월동 870번지 한국아델리움 2차상가 230동 102호,35.1148416,126.896364
진장명촌,울산 북구 명촌동 692-3,35.5562405,129.3555308
진접장현리,경기 남양주시 진접읍 장현리 672-1,37.7154171,127.1810902
진접지구,경기 남양주시 진접읍 금곡리 1041-1,37.718102,127.2015446
진천(대구),대구 달서구 진천동 504,35.8131641,128.5248566
진천(충북),충북 진천군 진천읍 남산8길 10-3,36.8538329,127.4454355
진평,경북 구미시 진평동 29-5,36.0953107,128.4276164
진해신항,경남 창원시 진해구 용원동 1340,35.0883656,128.8134853
차암,충남 천안시 서북구 차암동 514,36.8400439,127.1007983
창3동,서울 도봉구 창동 568-2,37.6407441,127.0404045
창녕,경남 창녕군 창녕읍 송현리 238-1,35.5428471,128.4995752
창동,서울 도봉구 창동 296-37,37.6542047,127.0411029
창동산호,경남 창원시 마산합포구 산호동 338-35,35.2088258,128.582745
창현,경기 남양주시 화도읍 창현리 731-3,37.6504449,127.3042854
채운,충남 당진시 읍내동 1541,36.902112,126.6312406
천곡,강원 동해시 천곡동 872,37.5217849,129.1169374
천상,울산 울주군 범서읍 천상리 650-5,35.5624051,129.2261326
천왕역,서울 구로구 오류동 203-1 1층,37.4895186,126.8376056
천호1호,서울 강동구 천호동 571,37.5372449,127.1319906
철산1호,경기 광명시 철산동 210-1,37.4804868,126.8641453
철산2호,경기 광명시 철산동 92-1,37.4860747,126.8661365
철산역,경기 광명시 철산동 429,37.4747718,126.8691172
첨단1호,광주 광산구 산월동 884-2,35.2101008,126.8504091
첨단2호,광주 광산구 쌍암동 655-4번지,35.2204931,126.8424082
첨단신용,광주 북구 신용동 693,35.206552,126.8602476
첨단중앙,광주 광산구 쌍암동 694-60,35.2144011,126.8490738
청담역,서울 강남구 청담동 65 진흥아파트상가,37.5201372,127.0514268
청도,경북 청도군 청도읍 고수리 503,35.6456448,128.7404965
청라호수공원,인천 서구 청라동 152-15,37.5325107,126.6369444
청량리역,서울 동대문구 청량리동 50-3,37.583732,127.0493979
청북,경기 평택시 청북읍 옥길리 1158-3,37.0186884,126.915504
청수,충남 천안시 동남구 청당동 513,36.7826434,127.1544425
청운,강원 동해시 쇄운동 84-5,37.4866643,129.1025823
청전,충북 제천시 의림동 7-26,37.1430744,128.2113612
청주사천,충북 청주시 율량동 1565,36.6650405,127.482351
청주옥산,충북 청원군 옥산면 가락리 산 68-8,36.6692637,127.3837967
청천,인천 부평구 청천동 14-8,37.5197381,126.7041888
청평,경기 가평군 청평면 청평리 452-5,37.7364271,127.4168797
청학,부산 영도구  청학동 13-14,35.0953161,129.0636415
초량,부산 동구 초량동 132-1,35.1205943,129.0394109
초월,경기 광주시 초월읍 경충대로 1255,37.3865702,127.2874751
초읍대공원,부산 부산진구 초읍동 288-6,35.180595,129.0474804
초장,경남 진주시 초전동 1704-7,35.2124445,128.1119845
초지신도시,경기 안산시 초지동 726-4,37.3091224,126.815313
초지역,경기 안산시 단원구 초지동 592,37.3222733,126.8060482
춘천교대,강원 춘천시 동내면 거두리 912-4,37.8560244,127.7514376
춘천시청,강원 춘천시 소양로 3가 181-9,37.8814609,127.725056
충북옥천,충북 옥천군 옥천읍 장야리 289,36.296882,127.5764599
충효,경북 경주시 충효동 3002-1,35.8422683,129.1876602
취암,충남 논산시 내동 628,36.187254,127.102286
칠성고성,대구 북구 칠성동2가 42-9,35.8829063,128.5910276
칠암망경,경남 진주시 칠암동 491-47,35.1779846,128.0936519
칠원,경남 함안군 칠원읍 구성리 650-4,35.3087166,128.5170565
침산,대구 북구 침산동 457-31,35.8901832,128.5838547
킨텍스,경기 고양시 일산서구 대화동 2606,37.6644929,126.7545034
탄방,대전 서구 탄방동 1007,36.3462978,127.39493
탄현,경기 고양시 일산서구 탄현동 1562-5,37.6902021,126.761847
탑동(수원),경기 수원시 권선구 서둔동 240-5,37.2752087,126.9791033
탑동(제주),제주 제주시 삼도이동 1192-22,33.5171738,126.5224148
탕정지중해,충남 아산시 명암리 943-1,36.7972164,127.0594885
태백1호,강원 태백시 상장동 87-36,37.1602423,128.9899286
태안,충남 태안군 태안읍 동문리 319-7,36.7516051,126.3027046
태전(경기광주),경기 광주시 태전동 261-14,37.3910266,127.2301204
태전(대구),대구 북구 태전동 254-30,35.9250025,128.5434525
태평,경남 창원시 진해구 수송동 12-14,35.1515544,128.6564468
태평1동,경기 성남시 수정구 태평동 6147-2,37.4420101,127.1278514
태평1호,대전 중구 유천동 326-13,36.3187458,127.3923968
태화,울산 중구 태화동 117-2,35.5518212,129.3008003
테크노폴리스,대구 달성군 유가면 봉리 606 하이젠스타 115호,35.6931167,128.4582367
토평,경기 구리시 토평동 999-2,37.5939391,127.1517659
통도사,경남 양산시 하북면 순지리 814-5,35.4936851,129.0845173
통진1호,경기 김포시 통진읍 서암리 758-79,37.6932101,126.5996047
퇴계1호,강원 퇴계동 891-1,37.8595562,127.7240392
퇴계2호,강원 춘천시 퇴계동 87,37.8506679,127.7364221
퇴계원,경기 남양주시 퇴계원면 퇴계원리 290-14,37.6500572,127.1409378
파동,대구 수성구 상동 380-2,35.8317778,128.6114181
파장,경기 수원시 장안구 송죽동 216-1,37.3060163,127.0024902
판문평거,경남 진주시 평거동 344-6,35.1692783,128.0551628
팔달매천,대구 북구 매천동 682,35.9085699,128.5425333
팔마,전남 순천시 연향동 1681-3   1층,34.934467,127.5156876
팔용,경남 창원시 의창구 팔용동 170-9,35.2586741,128.6137307
팽성1호,경기 평택시 팽성읍 안정리 20-31,36.963803,127.0527535
평내,경기 남양주시 평내동 582-5,37.6464101,127.2358297
평리,대구 서구 평리동 1217-2,35.8711597,128.5601414
평산,경남 양산시 평산동 105-4,35.3810773,129.1507161
평창,서울 종로구 평창동 158-1,37.6068234,126.9692262
평촌1호,경기 안양시 동안구 평촌동 917-9,37.3831903,126.9613971
평촌3호,경기 안양시 동안구 비산동 1059 층 A동 103호,37.4018654,126.9529947
평화1호,전북 전주시 완산구 평화동2가 226,35.7883119,127.1354134
포남,강원 강릉시 포남동 1157-8,37.7675571,128.9089614
포승1호,경기 평택시 도곡리 1142-16,36.9888229,126.8461955
포일내손,경기 의왕시 내손동 669-4,37.3865703,126.9814263
포천,경기 포천시 신읍동 47-10,37.8972801,127.2004455
표선,제주 서귀포시 표선리 633-3,33.3247226,126.832403
풍기,경북 영주시 풍기읍 성내리 2-4,36.8707408,128.5278336
풍동,경기 고양시 일산동구 풍동 1273-5,37.6677437,126.7991604
풍무,경기 김포시 풍무동 191-2,37.6069814,126.7262646
풍산지구,경기 하남시 덕풍동 809,37.548273,127.2116353
풍암1호,광주 서구 풍암동 1111-2,35.1260526,126.8780552
풍호,경남 창원시 진해구 풍호동 305-17,35.1312616,128.7071998
하가덕진,전북 전주시 덕진구 덕진동2가 670-1,35.8445174,127.1102337
하계1호,서울 노원구 하계1동 251 청구상가 201동 101호,37.6393986,127.0715626
하남1호,광주 광산구 산정동 977-13,35.1667673,126.8037113
하남2지구,광주 광산구 산정동 1039,35.1763513,126.8013626
하남감일,경기 하남시 감이동 525-3,37.504418,127.1619435
하단1호,부산 사하구 하단2동 506-15,35.1100699,128.9662147
하단2호,부산 사하구 하단동 605-42,35.1037191,128.9619154
하당,전남 목포시 상동 1116-8번지,34.7970801,126.4277844
하대초전,경남 진주시 하대동 306-38,35.1934087,128.1234087
하동,경남 하동군 하동읍 읍내리 238,35.0693674,127.7496363
하복대,충북 청주시 흥덕구 복대동 2960,36.6342832,127.4297757
하안1호,"경기 광명시 하안동 35-5, 영보빌딩 102호",37.4608644,126.8788408
하양,경북 경산시 하양읍 금락리 130-18,35.9083142,128.8124108
하조대,강원 양양군 현북면 하광정리 361-7,38.0210505,128.7210636
학동,광주 동구 학동 735-16,35.1327573,126.9300733
학익1호,인천 남구 학익동 293-37,37.4446943,126.6659956
학장,부산 사상구 학장동 산149-16,35.1369237,128.9761973
학정,대구 북구 학정동 282-14,35.9527379,128.5651783
한남,서울 용산구 한남동 828,37.5323966,127.0072641
한라대,제주 제주시 노형동 716,33.4754764,126.4827925
한림협재,제주 제주시 한림읍 한림리 1582-8,33.4106089,126.2656675
한밭대,대전 유성구 덕명동 592-6,36.3483417,127.2977762
한성대,서울 성북구 동소문동3가 31,37.5900268,127.0102432
한솔,세종 한솔동 927,36.4803464,127.2537287
한양대,서울 성동구 행당동 3-29,37.5604984,127.0410771
함덕,제주 제주시 조천읍 함덕리 1004-41,33.5425658,126.6673676
함안,경남 함안군 가야읍 말산리 58-27,35.2777445,128.4098562
함양,경남 함양군 함양읍 용평리 773-1,35.5181362,127.726426
함열,전북 익산시 함열읍 와리 610-3,36.0789993,126.9608108
함평,전남 함평군 함평읍 기각리 1000-8,35.0636855,126.5222851
합덕,충남 당진시 합덕읍 운산리 266-2,36.8086572,126.7733875
합성,경남 창원시 마산회원구 합성동 263-36,35.2370655,128.5861876
합천,경남 합천군 합천읍 합천리 320-3,35.5659829,128.1626924
해남,전남 해남군 해남읍 구교리 304-3,34.5764808,126.5931516
해운대역,부산 해운대구 우동 639-4,35.1624516,129.1572857
행신1호,경기 고양시 덕양구 행신동 995-2,37.6227682,126.8359844
행신역,경기 고양시 덕양구 행신동 708-3,37.613429,126.8332065
향남2지구,경기 화성시 향남읍 하길리 1466,37.1167261,126.9119179
향동지구,경기 고양시 덕양구 향동동 460-6,37.6021804,126.8921997
헬리오시티,"서울 송파구 가락동 479 헬리오시티상가 A동 3,4호",37.4977248,127.107032
혁신(원주),강원 원주시 반곡동 1880-7,37.3248627,127.9799439
혁신(전북),전북 완주군 이서면 갈산리 664-10,35.8367306,127.0582224
현리,경기 가평군 하면 현리 259-7,37.8190897,127.35085
형곡,경북 구미시 형곡동 152-4,36.112233,128.3321238
호계,경남 창원시 마산회원구 내서읍 호계리 289-45,35.2549108,128.5212262
호계1호(안양),경기 안양시 동안구 호계2동 927-2,37.3821533,126.9513908
호계1호(울산),울산 북구 호계동 286-15,35.6278921,129.3560405
호계2호,울산 북구 신천동 107-4,35.6429154,129.3495515
호계3호,경기 군포시 당정동 2-3,37.3656744,126.956465
호매실,경기 수원시 권선구 금곡동 1137-3,37.2708636,126.9588688
호산파호,대구 달서구 호산동 357-116,35.8494289,128.485532
호성,전북 전주시 덕진구 호성동1가 757-26,35.8586939,127.1545334
호수,경기 고양시 일산동구 백석동 1414-15,37.6465471,126.7807408
호원1호,경기 의정부시 호원동 466-15,37.7056263,127.0485131
호평,경기 남양주시 호평동 656-1,37.6548606,127.2464121
홍대,서울 마포구 서교동 371-3,37.5536011,126.9201298
홍은1호,서울 서대문구 홍제동 279-52,37.5958383,126.9486583
홍은사거리,서울 서대문구 홍제동 326-20,37.590285,126.9419866
홍천,강원 홍천군 홍천읍 신장대리 8-9,37.6908568,127.8875293
화곡1호,서울 양천구 신월동 23-17,37.5399917,126.8333103
화곡2호,서울 강서구 화곡동 400-45,37.5382779,126.8409524
화곡본동,서울 화곡동 24-251,37.5444475,126.8454755
화명1호,부산 북구 화명동 749,35.2348627,129.0206447
화명3호,부산 북구 화명동 182-5(2층),35.2452374,129.0130714
화명신도시,부산 북구 화명동 2266-1,35.2362405,129.0086815
화봉,울산 북구 연암동 414-3,35.5856165,129.3657863
화산안녕,경기 화성시 송산동 158-8,37.2086139,127.0125848
화서1호,"경기 수원시 팔달구 화서동 703 꽃뫼양지마을(대우아파트) 상가 105, 106호",37.2853746,126.9851136
화서2호,경기 수원시 팔달구 화서동 185-3,37.280442,126.997249
화순,전남 화순군 화순읍 일심리 755,35.0568311,126.9926091
화원,대구 달성군 화원읍 천내리 241-1,35.8043775,128.4962645
화정,울산 동구 일산동 581-36,35.4971534,129.4270408
화정1호(고양),경기 고양시 덕양구 화정동 906-5 1층 102호,37.6379312,126.8347835
화정1호(광주),광주 서구 화정동 824-16,35.1432421,126.8745777
화정2호,"광주 서구 농성동 666-1 1층 113,114호",35.1481659,126.8850425
화정역,경기 고양시 덕양구 화정동 979-2,37.6321261,126.8324559
화천,강원 화천군 화천읍 하리 44-46,38.1043704,127.705499
환호장량,경북 포항시 북구 장성동 1378-3,36.0828848,129.3856807
황금,대구 수성구 황금동 843-1,35.8436714,128.6238325
황성,경북 경주시 황성동 893-3,35.8656105,129.2093546
회룡역,경기 의정부시 호원동 426,37.7254094,127.0478689
회원,경남 창원시 마산회원구 회원2동 669-4,35.218828,128.5634614
횡성,강원 횡성군 횡성읍 읍하리 107-48,37.4904812,127.98635
효곡,경북 포항시 남구 효자동 579-1 풍림아이원상가 107호,36.0070251,129.3400367
효성1호,"인천 계양구 효성1동 21-11 현대아파트 상가동 101호, 102호, 103호",37.5330351,126.713206
효성2호,인천 계양구 효성2동 273-3,37.5263954,126.7110689
효자(전주),전북 전주시 완산구 효자동1가 652,35.8034796,127.1151443
효자(춘천),강원 춘천시 효자동 545-3,37.8721806,127.7267019
효천,전북 전주시 완산구 삼천동2가 759-1,35.795897,127.1059754
후암,서울 용산구 후암동 244-59,37.5485209,126.9780026
후평1호,강원 춘천시 후평동 836-1,37.8755718,127.7528213
후평사거리,강원 춘천시 후평1동 693-4,37.8815072,127.7460878
휘닉스봉평,강원 평창군 봉평면 무이리 709,37.5849677,128.3265124
흑석1호,서울 동작구 흑석동 180-6,37.5087015,126.9616708
흥덕,경기 용인시 기흥구 영덕동 994-3,37.2740737,127.0716406
흥업,강원 원주시 흥업면 흥업리 585-8,37.3019658,127.9193977
흥해,경북 포항시 북구 흥해읍 옥성리 403-7,36.1050452,129.3440195
